Workbook
Name CardAcimaDaMeta: #REF!
Name CardMediaProva: #REF!
Name CardQtdeNomes: #REF!
Name CardQtdeProvas: #REF!
Name FizeramProva: #REF!
Name NotaMedia: #REF!
Name tipoUsuarioLogado: "admin"
Name TotalMatriculas: #REF!

Sheet FOLHA_DP
A1: TIPO | B1: CONCAT RANKING PRODUÇÃO | C1: RANKING PRODUÇÃO | D1: CONCAT RANKING HORAS 70% SEMANA | E1: RANKING HORAS 70% SEMANA | F1: CONCAT RANKING HORAS 70% SÁBADO | G1: RANKING HORAS 70% SÁBADO | H1: CONCAT RANKING HORAS 100% | I1: Hora Extra 100% | J1: Nome da Empresa | K1: Nome do Funcionário | L1: Função | M1: Departamento | N1: Remuneração Líquida Folha | O1: Salário Base | P1: Admissão | Q1: Demissão | R1: Salário Base | S1: (Qtde): Salário Base | T1: Dias De Atestado | U1: (Qtde): Dias De Atestado | V1: Gratificação | W1: Adicional noturno 20% | X1: (Qtde): Adicional noturno 20% | Y1: Dev.desc.indevido | Z1: Salário Substituiçã | AA1: Reflexo S/ He Produção | AB1: Hora Extra 70% - Sabado | AC1: (Qtde): Hora Extra 70% - Sabado | AD1: Hora Extra 70% - Semana | AE1: (Qtde): Hora Extra 70% - Semana | AF1: Diferença de INSS Férias | AG1: Diferença INSS Férias (esocial) | AH1: Adicional H.e S/ Producao 70% | AI1: (Qtde): Adicional H.e S/ Producao 70% | AJ1: PRODUÇÃO | AK1: REFLEXO S PRODUÇÃO | AL1: Atrasos | AM1: (Qtde): Atrasos | AN1: Faltas em Dias | AO1: (Qtde): Faltas em Dias | AP1: Hora Extra 100% | AQ1: (Qtde): Hora Extra 100% | AR1: Repouso Remunerado | AS1: Adiantamento | AT1: Dsr sobre falta | AU1: (Qtde): Dsr sobre falta | AW1: PRODUÇÃO | AX1: HORAS 70% SEMANA | AY1: HORAS 70% SABADO | AZ1: HORAS 100%
A2: =VLOOKUP(L2,[1]VALIDAÇÃO!$D$13:$E$350,2,0) -> INDIRETO | B2: =C2&J2 -> 78RIO AVE 200 SPE LTDA. | C2: =1+SUMPRODUCT(($J$2:$J$1437=$J2)*(AW$2:AW$1437>AW2)) -> 78 | D2: =E2&J2 -> 8RIO AVE 200 SPE LTDA. | E2: =1+SUMPRODUCT(($J$2:$J$1437=$J2)*(AX$2:AX$1437>AX2)) -> 8 | F2: =G2&J2 -> 3RIO AVE 200 SPE LTDA. | G2: =1+SUMPRODUCT(($J$2:$J$1437=$J2)*(AY$2:AY$1437>AY2)) -> 3 | H2: =I2&J2 -> 78RIO AVE 200 SPE LTDA. | I2: =1+SUMPRODUCT(($J$2:$J$1437=$J2)*(AZ$2:AZ$1437>AZ2)) -> 78 | J2: RIO AVE 200 SPE LTDA. | K2: ABELARDO DOS SANTOS BARBOSA GOMES | L2: Encarregado de Armacao | M2: ADM | N2: 2553.77 | O2: 3434.3 | P2: 45937 | R2: 3434.3 | AB2: 291.54 | AC2: 1136.7143 | AD2: 385.72 | AE2: 1371.5714 | AR2: 152.54 | AS2: -1571.84 | AW2: =AJ2+ROW(C2)/1000000 -> 2e-06 | AX2: =AD2+ROW(C2)/1000000 -> 385.72 | AY2: =AB2+ROW(A2)/1000000 -> 291.54 | AZ2: =AP2+ROW(A2)/1000000 -> 2e-06
A3: =VLOOKUP(L3,[1]VALIDAÇÃO!$D$13:$E$350,2,0) -> DIRETO | B3: =C3&J3 -> 129RESERVA DO PAIVA SPE 03 LTDA | C3: =1+SUMPRODUCT(($J$2:$J$1437=J3)*($AW$2:$AW$1437>AW3)) -> 129 | D3: =E3&J3 -> 58RESERVA DO PAIVA SPE 03 LTDA | E3: =1+SUMPRODUCT(($J$2:$J$1437=$J3)*(AX$2:AX$1437>AX3)) -> 58 | F3: =G3&J3 -> 93RESERVA DO PAIVA SPE 03 LTDA | G3: =1+SUMPRODUCT(($J$2:$J$1437=$J3)*(AY$2:AY$1437>AY3)) -> 93 | H3: =I3&J3 -> 79RESERVA DO PAIVA SPE 03 LTDA | I3: =1+SUMPRODUCT(($J$2:$J$1437=$J3)*(AZ$2:AZ$1437>AZ3)) -> 79 | J3: RESERVA DO PAIVA SPE 03 LTDA | K3: ABIJOAN MIGUEL DA SILVA SOUZA | L3: Servente de Obras | M3: OBRA | N3: 836.19 | O3: 1332.47 | P3: 45798 | R3: 1332.47 | T3: 289.67 | U3: 5 | AA3: 0.18 | AB3: 63.27 | AC3: 590.95714 | AD3: 263.78 | AE3: 1546.27 | AH3: 0.76 | AI3: 0 | AJ3: 10.66 | AK3: 2.69 | AP3: 12.37 | AQ3: 98.2 | AR3: 73.77 | AS3: -695.2 | AW3: =AJ3+ROW(C3)/1000000 -> 10.660003 | AX3: =AD3+ROW(C3)/1000000 -> 263.78 | AY3: =AB3+ROW(A3)/1000000 -> 63.270003 | AZ3: =AP3+ROW(A3)/1000000 -> 12.370003
A4: =VLOOKUP(L4,[1]VALIDAÇÃO!$D$13:$E$350,2,0) -> DIRETO | B4: =C4&J4 -> 63RESERVA DO PAIVA SPE 03 LTDA | C4: =1+SUMPRODUCT(($J$2:$J$1437=J4)*($AW$2:$AW$1437>AW4)) -> 63 | D4: =E4&J4 -> 65RESERVA DO PAIVA SPE 03 LTDA | E4: =1+SUMPRODUCT(($J$2:$J$1437=$J4)*(AX$2:AX$1437>AX4)) -> 65 | F4: =G4&J4 -> 99RESERVA DO PAIVA SPE 03 LTDA | G4: =1+SUMPRODUCT(($J$2:$J$1437=$J4)*(AY$2:AY$1437>AY4)) -> 99 | H4: =I4&J4 -> 166RESERVA DO PAIVA SPE 03 LTDA | I4: =1+SUMPRODUCT(($J$2:$J$1437=$J4)*(AZ$2:AZ$1437>AZ4)) -> 166 | J4: RESERVA DO PAIVA SPE 03 LTDA | K4: ABRAAO JOSE GOMES | L4: Servente de Obras | M4: OBRA | N4: 1014.67 | O4: 1622.13 | P4: 45782 | R4: 1622.13 | W4: 0.63 | X4: 31.45 | AA4: 1.48 | AB4: 48.43 | AC4: 403.17143 | AD4: 251.35 | AE4: 1694.27 | AH4: 6.61 | AI4: 0 | AJ4: 212.85 | AK4: 46.43 | AL4: -2.39 | AM4: 18.17 | AR4: 67.69 | AS4: -695.2 | AW4: =AJ4+ROW(C4)/1000000 -> 212.85 | AX4: =AD4+ROW(C4)/1000000 -> 251.35 | AY4: =AB4+ROW(A4)/1000000 -> 48.430004 | AZ4: =AP4+ROW(A4)/1000000 -> 4e-06
A5: =VLOOKUP(L5,[1]VALIDAÇÃO!$D$13:$E$350,2,0) -> DIRETO | B5: =C5&J5 -> 20CONDOMINIO DO EDIFICIO EMPRESARIAL MARIE CURIE | C5: =1+SUMPRODUCT(($J$2:$J$1437=J5)*($AW$2:$AW$1437>AW5)) -> 20 | D5: =E5&J5 -> 64CONDOMINIO DO EDIFICIO EMPRESARIAL MARIE CURIE | E5: =1+SUMPRODUCT(($J$2:$J$1437=$J5)*(AX$2:AX$1437>AX5)) -> 64 | F5: =G5&J5 -> 51CONDOMINIO DO EDIFICIO EMPRESARIAL MARIE CURIE | G5: =1+SUMPRODUCT(($J$2:$J$1437=$J5)*(AY$2:AY$1437>AY5)) -> 51 | H5: =I5&J5 -> 129CONDOMINIO DO EDIFICIO EMPRESARIAL MARIE CURIE | I5: =1+SUMPRODUCT(($J$2:$J$1437=$J5)*(AZ$2:AZ$1437>AZ5)) -> 129 | J5: CONDOMINIO DO EDIFICIO EMPRESARIAL MARIE CURIE | K5: ABRAAO SOUZA DA SILVA | L5: Armador de Estrutura de Concreto | M5: CONDOMINIO MARIE OBRA | N5: 1276.29 | O5: 1617 | P5: 45362 | R5: 1617 | AA5: 2.54 | AB5: 69.72 | AC5: 234.35 | AD5: 111.96 | AE5: 376.32 | AH5: 12.34 | AI5: 0 | AJ5: 924.59 | AK5: 171.91 | AR5: 34.94 | AS5: -616 | AW5: =AJ5+ROW(C5)/1000000 -> 924.59001 | AX5: =AD5+ROW(C5)/1000000 -> 111.96 | AY5: =AB5+ROW(A5)/1000000 -> 69.720005 | AZ5: =AP5+ROW(A5)/1000000 -> 5e-06
A6: =VLOOKUP(L6,[1]VALIDAÇÃO!$D$13:$E$350,2,0) -> DIRETO | B6: =C6&J6 -> 39RIO AVE CARNEIROS 01 SPE LTDA. | C6: =1+SUMPRODUCT(($J$2:$J$1437=J6)*($AW$2:$AW$1437>AW6)) -> 39 | D6: =E6&J6 -> 90RIO AVE CARNEIROS 01 SPE LTDA. | E6: =1+SUMPRODUCT(($J$2:$J$1437=$J6)*(AX$2:AX$1437>AX6)) -> 90 | F6: =G6&J6 -> 10RIO AVE CARNEIROS 01 SPE LTDA. | G6: =1+SUMPRODUCT(($J$2:$J$1437=$J6)*(AY$2:AY$1437>AY6)) -> 10 | H6: =I6&J6 -> 49RIO AVE CARNEIROS 01 SPE LTDA. | I6: =1+SUMPRODUCT(($J$2:$J$1437=$J6)*(AZ$2:AZ$1437>AZ6)) -> 49 | J6: RIO AVE CARNEIROS 01 SPE LTDA. | K6: ABSOLON PAULO SILVA DE ARAUJO | L6: Pedreiro | M6: OBRA | N6: 1290.54 | O6: 2156 | P6: 45797 | R6: 2156 | AA6: 4.14 | AB6: 227.18 | AC6: 1112.1571 | AD6: 31.79 | AE6: 194.98571 | AH6: 18.71 | AI6: 0 | AJ6: 523.04 | AK6: 114.38 | AN6: -154 | AO6: 2 | AP6: 32.25 | AQ6: 192.65714 | AR6: 64.29 | AS6: -1014 | AT6: -154 | AU6: 2 | AW6: =AJ6+ROW(C6)/1000000 -> 523.04001 | AX6: =AD6+ROW(C6)/1000000 -> 31.790006 | AY6: =AB6+ROW(A6)/1000000 -> 227.18001 | AZ6: =AP6+ROW(A6)/1000000 -> 32.250006
A7: =VLOOKUP(L7,[1]VALIDAÇÃO!$D$13:$E$350,2,0) -> DIRETO | B7: =C7&J7 -> 43RIO AVE CARNEIROS 01 SPE LTDA. | C7: =1+SUMPRODUCT(($J$2:$J$1437=J7)*($AW$2:$AW$1437>AW7)) -> 43 | D7: =E7&J7 -> 72RIO AVE CARNEIROS 01 SPE LTDA. | E7: =1+SUMPRODUCT(($J$2:$J$1437=$J7)*(AX$2:AX$1437>AX7)) -> 72 | F7: =G7&J7 -> 12RIO AVE CARNEIROS 01 SPE LTDA. | G7: =1+SUMPRODUCT(($J$2:$J$1437=$J7)*(AY$2:AY$1437>AY7)) -> 12 | H7: =I7&J7 -> 13RIO AVE CARNEIROS 01 SPE LTDA. | I7: =1+SUMPRODUCT(($J$2:$J$1437=$J7)*(AZ$2:AZ$1437>AZ7)) -> 13 | J7: RIO AVE CARNEIROS 01 SPE LTDA. | K7: ADAILTON JOSE DA SILVA | L7: Servente de Obras | M7: OBRA | N7: 1107.91 | O7: 1622.13 | P7: 45782 | R7: 1622.13 | AA7: 5.52 | AB7: 218.19 | AC7: 1432.9857 | AD7: 66.92 | AE7: 545.01429 | AH7: 26.2 | AI7: 0 | AJ7: 489.02 | AK7: 107.54 | AP7: 70.46 | AQ7: 498.57143 | AR7: 74.92 | AS7: -695.2 | AW7: =AJ7+ROW(C7)/1000000 -> 489.02001 | AX7: =AD7+ROW(C7)/1000000 -> 66.920007 | AY7: =AB7+ROW(A7)/1000000 -> 218.19001 | AZ7: =AP7+ROW(A7)/1000000 -> 70.460007
A8: =VLOOKUP(L8,[1]VALIDAÇÃO!$D$13:$E$350,2,0) -> DIRETO | B8: =C8&J8 -> 67RESERVA DO PAIVA SPE 03 LTDA | C8: =1+SUMPRODUCT(($J$2:$J$1437=J8)*($AW$2:$AW$1437>AW8)) -> 67 | D8: =E8&J8 -> 124RESERVA DO PAIVA SPE 03 LTDA | E8: =1+SUMPRODUCT(($J$2:$J$1437=$J8)*(AX$2:AX$1437>AX8)) -> 124 | F8: =G8&J8 -> 166RESERVA DO PAIVA SPE 03 LTDA | G8: =1+SUMPRODUCT(($J$2:$J$1437=$J8)*(AY$2:AY$1437>AY8)) -> 166 | H8: =I8&J8 -> 165RESERVA DO PAIVA SPE 03 LTDA | I8: =1+SUMPRODUCT(($J$2:$J$1437=$J8)*(AZ$2:AZ$1437>AZ8)) -> 165 | J8: RESERVA DO PAIVA SPE 03 LTDA | K8: ADALBERTO ALVES DA SILVA | L8: Carpinteiro de Obras | M8: OBRA | N8: 1390.34 | O8: 2156 | P8: 45922 | R8: 2156 | AA8: 0.36 | AD8: 51.71 | AE8: 274.81429 | AH8: 1.54 | AI8: 0 | AJ8: 205.52 | AK8: 46.96 | AR8: 11.88 | AS8: -984 | AW8: =AJ8+ROW(C8)/1000000 -> 205.52001 | AX8: =AD8+ROW(C8)/1000000 -> 51.710008 | AY8: =AB8+ROW(A8)/1000000 -> 8e-06 | AZ8: =AP8+ROW(A8)/1000000 -> 8e-06
A9: =VLOOKUP(L9,[1]VALIDAÇÃO!$D$13:$E$350,2,0) -> DIRETO | B9: =C9&J9 -> 4RIO AVE 200 SPE LTDA. | C9: =1+SUMPRODUCT(($J$2:$J$1437=J9)*($AW$2:$AW$1437>AW9)) -> 4 | D9: =E9&J9 -> 22RIO AVE 200 SPE LTDA. | E9: =1+SUMPRODUCT(($J$2:$J$1437=$J9)*(AX$2:AX$1437>AX9)) -> 22 | F9: =G9&J9 -> 28RIO AVE 200 SPE LTDA. | G9: =1+SUMPRODUCT(($J$2:$J$1437=$J9)*(AY$2:AY$1437>AY9)) -> 28 | H9: =I9&J9 -> 18RIO AVE 200 SPE LTDA. | I9: =1+SUMPRODUCT(($J$2:$J$1437=$J9)*(AZ$2:AZ$1437>AZ9)) -> 18 | J9: RIO AVE 200 SPE LTDA. | K9: ADEILDO GOMES BARBOSA | L9: Carpinteiro de Obras | M9: OBRA | N9: 1942.57 | O9: 2156 | P9: 45938 | R9: 2156 | AA9: 7.81 | AB9: 40.56 | AC9: 556.42857 | AD9: 173.46 | AE9: 746.42857 | AH9: 32.11 | AI9: 0 | AJ9: 1152.05 | AK9: 259.33 | AP9: 10.6 | AQ9: 123.57143 | AR9: 54.51 | AS9: -924 | AW9: =AJ9+ROW(C9)/1000000 -> 1152.05 | AX9: =AD9+ROW(C9)/1000000 -> 173.46001 | AY9: =AB9+ROW(A9)/1000000 -> 40.560009 | AZ9: =AP9+ROW(A9)/1000000 -> 10.600009
A10: =VLOOKUP(L10,[1]VALIDAÇÃO!$D$13:$E$350,2,0) -> DIRETO | B10: =C10&J10 -> 65RESERVA DO PAIVA SPE 01 LTDA. | C10: =1+SUMPRODUCT(($J$2:$J$1437=J10)*($AW$2:$AW$1437>AW10)) -> 65 | D10: =E10&J10 -> 61RESERVA DO PAIVA SPE 01 LTDA. | E10: =1+SUMPRODUCT(($J$2:$J$1437=$J10)*(AX$2:AX$1437>AX10)) -> 61 | F10: =G10&J10 -> 59RESERVA DO PAIVA SPE 01 LTDA. | G10: =1+SUMPRODUCT(($J$2:$J$1437=$J10)*(AY$2:AY$1437>AY10)) -> 59 | H10: =I10&J10 -> 72RESERVA DO PAIVA SPE 01 LTDA. | I10: =1+SUMPRODUCT(($J$2:$J$1437=$J10)*(AZ$2:AZ$1437>AZ10)) -> 72 | J10: RESERVA DO PAIVA SPE 01 LTDA. | K10: ADEILDO MAXIMILIANO DA SILVA | L10: Servente de Obras | M10: OBRA | N10: 896.41 | O10: 1622.13 | P10: 45729 | R10: 1622.13 | AA10: 3.4 | AB10: 122.11 | AC10: 835.05714 | AD10: 81.12 | AE10: 440.54 | AH10: 13.49 | AI10: 0 | AJ10: 374.63 | AK10: 83.07 | AP10: 104.19 | AQ10: 605.6 | AR10: 77.78 | AS10: -695.2 | AW10: =AJ10+ROW(C10)/1000000 -> 374.63001 | AX10: =AD10+ROW(C10)/1000000 -> 81.12001 | AY10: =AB10+ROW(A10)/1000000 -> 122.11001 | AZ10: =AP10+ROW(A10)/1000000 -> 104.19001
A11: =VLOOKUP(L11,[1]VALIDAÇÃO!$D$13:$E$350,2,0) -> DIRETO | B11: =C11&J11 -> 90RESERVA DO PAIVA SPE 03 LTDA | C11: =1+SUMPRODUCT(($J$2:$J$1437=J11)*($AW$2:$AW$1437>AW11)) -> 90 | D11: =E11&J11 -> 41RESERVA DO PAIVA SPE 03 LTDA | E11: =1+SUMPRODUCT(($J$2:$J$1437=$J11)*(AX$2:AX$1437>AX11)) -> 41 | F11: =G11&J11 -> 38RESERVA DO PAIVA SPE 03 LTDA | G11: =1+SUMPRODUCT(($J$2:$J$1437=$J11)*(AY$2:AY$1437>AY11)) -> 38 | H11: =I11&J11 -> 12RESERVA DO PAIVA SPE 03 LTDA | I11: =1+SUMPRODUCT(($J$2:$J$1437=$J11)*(AZ$2:AZ$1437>AZ11)) -> 12 | J11: RESERVA DO PAIVA SPE 03 LTDA | K11: ADELMO BARROS DE ARAUJO | L11: Auxiliar de Eletricista | M11: OBRA | N11: 2123.43 | O11: 1622.13 | P11: 45978 | R11: 1622.13 | AA11: 8.51 | AB11: 244.87 | AC11: 1094 | AD11: 361.94 | AE11: 1617 | AH11: 39.14 | AI11: 0 | AJ11: 164.29 | AK11: 35.72 | AL11: -13.17 | AM11: 100 | AP11: 469 | AQ11: 1781 | AR11: 233.87 | AS11: -695.2 | AW11: =AJ11+ROW(C11)/1000000 -> 164.29001 | AX11: =AD11+ROW(C11)/1000000 -> 361.94001 | AY11: =AB11+ROW(A11)/1000000 -> 244.87001 | AZ11: =AP11+ROW(A11)/1000000 -> 469.00001
A12: =VLOOKUP(L12,[1]VALIDAÇÃO!$D$13:$E$350,2,0) -> DIRETO | B12: =C12&J12 -> 24RIO AVE CARNEIROS 01 SPE LTDA. | C12: =1+SUMPRODUCT(($J$2:$J$1437=J12)*($AW$2:$AW$1437>AW12)) -> 24 | D12: =E12&J12 -> 34RIO AVE CARNEIROS 01 SPE LTDA. | E12: =1+SUMPRODUCT(($J$2:$J$1437=$J12)*(AX$2:AX$1437>AX12)) -> 34 | F12: =G12&J12 -> 40RIO AVE CARNEIROS 01 SPE LTDA. | G12: =1+SUMPRODUCT(($J$2:$J$1437=$J12)*(AY$2:AY$1437>AY12)) -> 40 | H12: =I12&J12 -> 28RIO AVE CARNEIROS 01 SPE LTDA. | I12: =1+SUMPRODUCT(($J$2:$J$1437=$J12)*(AZ$2:AZ$1437>AZ12)) -> 28 | J12: RIO AVE CARNEIROS 01 SPE LTDA. | K12: ADIEL JOSE XAVIER DE LIMA | L12: Servente de Obras | M12: OBRA | N12: 1414.84 | O12: 1622.13 | P12: 45817 | R12: 1622.13 | AA12: 8.43 | AB12: 136 | AC12: 1270.2429 | AD12: 267.75 | AE12: 1796.2429 | AH12: 38.18 | AI12: 0 | AJ12: 631.75 | AK12: 137.8 | AP12: 43.33 | AQ12: 344.04286 | AR12: 98.35 | AS12: -765.2 | AW12: =AJ12+ROW(C12)/1000000 -> 631.75001 | AX12: =AD12+ROW(C12)/1000000 -> 267.75001 | AY12: =AB12+ROW(A12)/1000000 -> 136.00001 | AZ12: =AP12+ROW(A12)/1000000 -> 43.330012
A13: =VLOOKUP(L13,[1]VALIDAÇÃO!$D$13:$E$350,2,0) -> DIRETO | B13: =C13&J13 -> 25RIO AVE 200 SPE LTDA. | C13: =1+SUMPRODUCT(($J$2:$J$1437=J13)*($AW$2:$AW$1437>AW13)) -> 25 | D13: =E13&J13 -> 39RIO AVE 200 SPE LTDA. | E13: =1+SUMPRODUCT(($J$2:$J$1437=$J13)*(AX$2:AX$1437>AX13)) -> 39 | F13: =G13&J13 -> 39RIO AVE 200 SPE LTDA. | G13: =1+SUMPRODUCT(($J$2:$J$1437=$J13)*(AY$2:AY$1437>AY13)) -> 39 | H13: =I13&J13 -> 77RIO AVE 200 SPE LTDA. | I13: =1+SUMPRODUCT(($J$2:$J$1437=$J13)*(AZ$2:AZ$1437>AZ13)) -> 77 | J13: RIO AVE 200 SPE LTDA. | K13: ADIMARIO FLORENTINO PESSOA | L13: Armador de Estrutura de Concreto | M13: OBRA | N13: 1873.72 | O13: 2156 | P13: 45938 | R13: 2156 | AA13: 2.23 | AB13: 13.9 | AC13: 190.71429 | AD13: 108.51 | AE13: 508.71429 | AH13: 10.1 | AI13: 0 | AJ13: 656.02 | AK13: 150.22 | AR13: 26.63 | AS13: -998 | AW13: =AJ13+ROW(C13)/1000000 -> 656.02001 | AX13: =AD13+ROW(C13)/1000000 -> 108.51001 | AY13: =AB13+ROW(A13)/1000000 -> 13.900013 | AZ13: =AP13+ROW(A13)/1000000 -> 1.3e-05
A14: =VLOOKUP(L14,[1]VALIDAÇÃO!$D$13:$E$350,2,0) -> DIRETO | B14: =C14&J14 -> 12RESERVA DO PAIVA SPE 03 LTDA | C14: =1+SUMPRODUCT(($J$2:$J$1437=J14)*($AW$2:$AW$1437>AW14)) -> 12 | D14: =E14&J14 -> 74RESERVA DO PAIVA SPE 03 LTDA | E14: =1+SUMPRODUCT(($J$2:$J$1437=$J14)*(AX$2:AX$1437>AX14)) -> 74 | F14: =G14&J14 -> 8RESERVA DO PAIVA SPE 03 LTDA | G14: =1+SUMPRODUCT(($J$2:$J$1437=$J14)*(AY$2:AY$1437>AY14)) -> 8 | H14: =I14&J14 -> 3RESERVA DO PAIVA SPE 03 LTDA | I14: =1+SUMPRODUCT(($J$2:$J$1437=$J14)*(AZ$2:AZ$1437>AZ14)) -> 3 | J14: RESERVA DO PAIVA SPE 03 LTDA | K14: ADINALDO JOSE DA SILVA | L14: Pedreiro | M14: OBRA | N14: 2909.11 | O14: 2156 | P14: 45839 | R14: 2156 | AA14: 35.9 | AB14: 455.41 | AC14: 2267.6986 | AD14: 200.53 | AE14: 1571.5557 | AH14: 161.38 | AI14: 0 | AJ14: 955.35 | AK14: 209.34 | AL14: -2.13 | AM14: 12.17 | AP14: 976.2 | AQ14: 3969.8414 | AR14: 363.55 | AS14: -1014 | AW14: =AJ14+ROW(C14)/1000000 -> 955.35001 | AX14: =AD14+ROW(C14)/1000000 -> 200.53001 | AY14: =AB14+ROW(A14)/1000000 -> 455.41001 | AZ14: =AP14+ROW(A14)/1000000 -> 976.20001
A15: =VLOOKUP(L15,[1]VALIDAÇÃO!$D$13:$E$350,2,0) -> DIRETO | B15: =C15&J15 -> 88CONDOMINIO DO EDIFICIO EMPRESARIAL MARIE CURIE | C15: =1+SUMPRODUCT(($J$2:$J$1437=J15)*($AW$2:$AW$1437>AW15)) -> 88 | D15: =E15&J15 -> 112CONDOMINIO DO EDIFICIO EMPRESARIAL MARIE CURIE | E15: =1+SUMPRODUCT(($J$2:$J$1437=$J15)*(AX$2:AX$1437>AX15)) -> 112 | F15: =G15&J15 -> 90CONDOMINIO DO EDIFICIO EMPRESARIAL MARIE CURIE | G15: =1+SUMPRODUCT(($J$2:$J$1437=$J15)*(AY$2:AY$1437>AY15)) -> 90 | H15: =I15&J15 -> 128CONDOMINIO DO EDIFICIO EMPRESARIAL MARIE CURIE | I15: =1+SUMPRODUCT(($J$2:$J$1437=$J15)*(AZ$2:AZ$1437>AZ15)) -> 128 | J15: CONDOMINIO DO EDIFICIO EMPRESARIAL MARIE CURIE | K15: ADRIANO CARLOS DIAS | L15: Servente de Obras | M15: CONDOMINIO MARIE OBRA | N15: 731.72 | O15: 1622.13 | P15: 45579 | R15: 1622.13 | AA15: 0.04 | AB15: 8.02 | AC15: 45.711429 | AD15: 7.35 | AE15: 47.985714 | AH15: 0.29 | AI15: 0 | AJ15: 201.64 | AK15: 42.7 | AR15: 2.23 | AS15: -695.2 | AW15: =AJ15+ROW(C15)/1000000 -> 201.64001 | AX15: =AD15+ROW(C15)/1000000 -> 7.350015 | AY15: =AB15+ROW(A15)/1000000 -> 8.020015 | AZ15: =AP15+ROW(A15)/1000000 -> 1.5e-05
A16: =VLOOKUP(L16,[1]VALIDAÇÃO!$D$13:$E$350,2,0) -> DIRETO | B16: =C16&J16 -> 48CONDOMINIO DO EDIFICIO EMPRESARIAL MARIE CURIE | C16: =1+SUMPRODUCT(($J$2:$J$1437=J16)*($AW$2:$AW$1437>AW16)) -> 48 | D16: =E16&J16 -> 68CONDOMINIO DO EDIFICIO EMPRESARIAL MARIE CURIE | E16: =1+SUMPRODUCT(($J$2:$J$1437=$J16)*(AX$2:AX$1437>AX16)) -> 68 | F16: =G16&J16 -> 129CONDOMINIO DO EDIFICIO EMPRESARIAL MARIE CURIE | G16: =1+SUMPRODUCT(($J$2:$J$1437=$J16)*(AY$2:AY$1437>AY16)) -> 129 | H16: =I16&J16 -> 127CONDOMINIO DO EDIFICIO EMPRESARIAL MARIE CURIE | I16: =1+SUMPRODUCT(($J$2:$J$1437=$J16)*(AZ$2:AZ$1437>AZ16)) -> 127 | J16: CONDOMINIO DO EDIFICIO EMPRESARIAL MARIE CURIE | K16: ADRIANO CAVALCANTI MEDEIROS DE FRANÇA | L16: Servente de Obras | M16: CONDOMINIO MARIE OBRA | N16: 802.03 | O16: 1622.13 | P16: 45726 | R16: 1622.13 | AA16: 1.29 | AD16: 95.36 | AE16: 633.01429 | AH16: 6.6 | AI16: 0 | AJ16: 535.7 | AK16: 115.31 | AN16: -115.87 | AO16: 2 | AR16: 18.81 | AS16: -695.2 | AT16: -57.93 | AU16: 1 | AW16: =AJ16+ROW(C16)/1000000 -> 535.70002 | AX16: =AD16+ROW(C16)/1000000 -> 95.360016 | AY16: =AB16+ROW(A16)/1000000 -> 1.6e-05 | AZ16: =AP16+ROW(A16)/1000000 -> 1.6e-05
A17: =VLOOKUP(L17,[1]VALIDAÇÃO!$D$13:$E$350,2,0) -> DIRETO | B17: =C17&J17 -> 97RESERVA DO PAIVA SPE 03 LTDA | C17: =1+SUMPRODUCT(($J$2:$J$1437=J17)*($AW$2:$AW$1437>AW17)) -> 97 | D17: =E17&J17 -> 33RESERVA DO PAIVA SPE 03 LTDA | E17: =1+SUMPRODUCT(($J$2:$J$1437=$J17)*(AX$2:AX$1437>AX17)) -> 33 | F17: =G17&J17 -> 90RESERVA DO PAIVA SPE 03 LTDA | G17: =1+SUMPRODUCT(($J$2:$J$1437=$J17)*(AY$2:AY$1437>AY17)) -> 90 | H17: =I17&J17 -> 31RESERVA DO PAIVA SPE 03 LTDA | I17: =1+SUMPRODUCT(($J$2:$J$1437=$J17)*(AZ$2:AZ$1437>AZ17)) -> 31 | J17: RESERVA DO PAIVA SPE 03 LTDA | K17: ADRIANO DA ROCHA | L17: Servente de Obras | M17: OBRA | N17: 1275.24 | O17: 1622.13 | P17: 45873 | R17: 1622.13 | AA17: 3.86 | AB17: 81.44 | AC17: 1006.0714 | AD17: 429.34 | AE17: 3339.0714 | AH17: 16.44 | AI17: 0 | AJ17: 139.81 | AK17: 31.6 | AP17: 190.29 | AQ17: 940.78571 | AR17: 157.7 | AS17: -695.2 | AW17: =AJ17+ROW(C17)/1000000 -> 139.81002 | AX17: =AD17+ROW(C17)/1000000 -> 429.34002 | AY17: =AB17+ROW(A17)/1000000 -> 81.440017 | AZ17: =AP17+ROW(A17)/1000000 -> 190.29002
A18: =VLOOKUP(L18,[1]VALIDAÇÃO!$D$13:$E$350,2,0) -> DIRETO | B18: =C18&J18 -> 33RESERVA DO PAIVA SPE 03 LTDA | C18: =1+SUMPRODUCT(($J$2:$J$1437=J18)*($AW$2:$AW$1437>AW18)) -> 33 | D18: =E18&J18 -> 7RESERVA DO PAIVA SPE 03 LTDA | E18: =1+SUMPRODUCT(($J$2:$J$1437=$J18)*(AX$2:AX$1437>AX18)) -> 7 | F18: =G18&J18 -> 10RESERVA DO PAIVA SPE 03 LTDA | G18: =1+SUMPRODUCT(($J$2:$J$1437=$J18)*(AY$2:AY$1437>AY18)) -> 10 | H18: =I18&J18 -> 65RESERVA DO PAIVA SPE 03 LTDA | I18: =1+SUMPRODUCT(($J$2:$J$1437=$J18)*(AZ$2:AZ$1437>AZ18)) -> 65 | J18: RESERVA DO PAIVA SPE 03 LTDA | K18: ADRIANO DE SALES PEREIRA | L18: Servente de Obras | M18: OBRA | N18: 1750.08 | O18: 1622.13 | P18: 45488 | R18: 1622.13 | W18: 2.12 | X18: 73.88 | AA18: 15.83 | AB18: 430.27 | AC18: 2124.4071 | AD18: 1054.73 | AE18: 5243.3071 | AH18: 70.65 | AI18: 0 | AJ18: 408.94 | AK18: 90.23 | AL18: -7 | AM18: 53.17 | AP18: 34.65 | AQ18: 131.59 | AR18: 331.75 | AS18: -695.2 | AW18: =AJ18+ROW(C18)/1000000 -> 408.94002 | AX18: =AD18+ROW(C18)/1000000 -> 1054.73 | AY18: =AB18+ROW(A18)/1000000 -> 430.27002 | AZ18: =AP18+ROW(A18)/1000000 -> 34.650018
A19: =VLOOKUP(L19,[1]VALIDAÇÃO!$D$13:$E$350,2,0) -> DIRETO | B19: =C19&J19 -> 110RESERVA DO PAIVA SPE 03 LTDA | C19: =1+SUMPRODUCT(($J$2:$J$1437=J19)*($AW$2:$AW$1437>AW19)) -> 110 | D19: =E19&J19 -> 73RESERVA DO PAIVA SPE 03 LTDA | E19: =1+SUMPRODUCT(($J$2:$J$1437=$J19)*(AX$2:AX$1437>AX19)) -> 73 | F19: =G19&J19 -> 43RESERVA DO PAIVA SPE 03 LTDA | G19: =1+SUMPRODUCT(($J$2:$J$1437=$J19)*(AY$2:AY$1437>AY19)) -> 43 | H19: =I19&J19 -> 43RESERVA DO PAIVA SPE 03 LTDA | I19: =1+SUMPRODUCT(($J$2:$J$1437=$J19)*(AZ$2:AZ$1437>AZ19)) -> 43 | J19: RESERVA DO PAIVA SPE 03 LTDA | K19: ADRIANO FRANCISCO DOS SANTOS | L19: Servente de Obras | M19: OBRA | N19: 1371.07 | O19: 1622.13 | P19: 45938 | R19: 1622.13 | AA19: 2.24 | AB19: 218.91 | AC19: 978 | AD19: 205 | AE19: 1750.7143 | AH19: 10.01 | AI19: 0 | AJ19: 95.57 | AK19: 21.95 | AP19: 126.93 | AQ19: 482 | AR19: 124.43 | AS19: -695.2 | AW19: =AJ19+ROW(C19)/1000000 -> 95.570019 | AX19: =AD19+ROW(C19)/1000000 -> 205.00002 | AY19: =AB19+ROW(A19)/1000000 -> 218.91002 | AZ19: =AP19+ROW(A19)/1000000 -> 126.93002
A20: =VLOOKUP(L20,[1]VALIDAÇÃO!$D$13:$E$350,2,0) -> DIRETO | B20: =C20&J20 -> 12RIO AVE PRAIA HOTEL SPE LTDA. | C20: =1+SUMPRODUCT(($J$2:$J$1437=J20)*($AW$2:$AW$1437>AW20)) -> 12 | D20: =E20&J20 -> 8RIO AVE PRAIA HOTEL SPE LTDA. | E20: =1+SUMPRODUCT(($J$2:$J$1437=$J20)*(AX$2:AX$1437>AX20)) -> 8 | F20: =G20&J20 -> 17RIO AVE PRAIA HOTEL SPE LTDA. | G20: =1+SUMPRODUCT(($J$2:$J$1437=$J20)*(AY$2:AY$1437>AY20)) -> 17 | H20: =I20&J20 -> 21RIO AVE PRAIA HOTEL SPE LTDA. | I20: =1+SUMPRODUCT(($J$2:$J$1437=$J20)*(AZ$2:AZ$1437>AZ20)) -> 21 | J20: RIO AVE PRAIA HOTEL SPE LTDA. | K20: ADRIANO PEREIRA DE LIMA | L20: Servente de Obras | M20: Tomador | N20: 923.69 | O20: 1564.2 | P20: 45418 | R20: 1564.2 | AA20: 7.42 | AB20: 298.75 | AC20: 1544.21 | AD20: 384.03 | AE20: 1994.9414 | AH20: 34.13 | AI20: 0 | AJ20: 395.69 | AK20: 84.66 | AL20: -24.89 | AM20: 189 | AP20: 82.48 | AQ20: 327 | AR20: 160.37 | AS20: -695.2 | AW20: =AJ20+ROW(C20)/1000000 -> 395.69002 | AX20: =AD20+ROW(C20)/1000000 -> 384.03002 | AY20: =AB20+ROW(A20)/1000000 -> 298.75002 | AZ20: =AP20+ROW(A20)/1000000 -> 82.48002
A21: =VLOOKUP(L21,[1]VALIDAÇÃO!$D$13:$E$350,2,0) -> INDIRETO | B21: =C21&J21 -> 155RIO AVE CARNEIROS 01 SPE LTDA. | C21: =1+SUMPRODUCT(($J$2:$J$1437=J21)*($AW$2:$AW$1437>AW21)) -> 155 | D21: =E21&J21 -> 4RIO AVE CARNEIROS 01 SPE LTDA. | E21: =1+SUMPRODUCT(($J$2:$J$1437=$J21)*(AX$2:AX$1437>AX21)) -> 4 | F21: =G21&J21 -> 17RIO AVE CARNEIROS 01 SPE LTDA. | G21: =1+SUMPRODUCT(($J$2:$J$1437=$J21)*(AY$2:AY$1437>AY21)) -> 17 | H21: =I21&J21 -> 56RIO AVE CARNEIROS 01 SPE LTDA. | I21: =1+SUMPRODUCT(($J$2:$J$1437=$J21)*(AZ$2:AZ$1437>AZ21)) -> 56 | J21: RIO AVE CARNEIROS 01 SPE LTDA. | K21: ADRIANO QUEIROZ BEZERRA | L21: Encarregado de Obra | M21: GERAL | N21: 2852.15 | O21: 4121.16 | P21: 45761 | R21: 4121.16 | AB21: 197.82 | AC21: 584.64286 | AD21: 1192.72 | AE21: 2932.8571 | AL21: -121.09 | AM21: 362 | AP21: 26.52 | AQ21: 66.614286 | AR21: 289.95 | AS21: -1766.21 | AW21: =AJ21+ROW(C21)/1000000 -> 2.1e-05 | AX21: =AD21+ROW(C21)/1000000 -> 1192.72 | AY21: =AB21+ROW(A21)/1000000 -> 197.82002 | AZ21: =AP21+ROW(A21)/1000000 -> 26.520021
A22: =VLOOKUP(L22,[1]VALIDAÇÃO!$D$13:$E$350,2,0) -> DIRETO | B22: =C22&J22 -> 28CONDOMINIO DO EDIFICIO EMPRESARIAL MARIE CURIE | C22: =1+SUMPRODUCT(($J$2:$J$1437=J22)*($AW$2:$AW$1437>AW22)) -> 28 | D22: =E22&J22 -> 35CONDOMINIO DO EDIFICIO EMPRESARIAL MARIE CURIE | E22: =1+SUMPRODUCT(($J$2:$J$1437=$J22)*(AX$2:AX$1437>AX22)) -> 35 | F22: =G22&J22 -> 35CONDOMINIO DO EDIFICIO EMPRESARIAL MARIE CURIE | G22: =1+SUMPRODUCT(($J$2:$J$1437=$J22)*(AY$2:AY$1437>AY22)) -> 35 | H22: =I22&J22 -> 10CONDOMINIO DO EDIFICIO EMPRESARIAL MARIE CURIE | I22: =1+SUMPRODUCT(($J$2:$J$1437=$J22)*(AZ$2:AZ$1437>AZ22)) -> 10 | J22: CONDOMINIO DO EDIFICIO EMPRESARIAL MARIE CURIE | K22: ALAN LEANDRO GOMES | L22: Encanador | M22: CONDOMINIO MARIE OBRA | N22: 1583.33 | O22: 2156 | P22: 45691 | R22: 2156 | AA22: 7.88 | AB22: 128.12 | AC22: 605.15714 | AD22: 224.8 | AE22: 1005.7757 | AH22: 36.97 | AI22: 0 | AJ22: 755.66 | AK22: 163.77 | AP22: 177.28 | AQ22: 516.36143 | AR22: 113.17 | AS22: -924 | AW22: =AJ22+ROW(C22)/1000000 -> 755.66002 | AX22: =AD22+ROW(C22)/1000000 -> 224.80002 | AY22: =AB22+ROW(A22)/1000000 -> 128.12002 | AZ22: =AP22+ROW(A22)/1000000 -> 177.28002
A23: =VLOOKUP(L23,[1]VALIDAÇÃO!$D$13:$E$350,2,0) -> INDIRETO | B23: =C23&J23 -> 166RESERVA DO PAIVA SPE 03 LTDA | C23: =1+SUMPRODUCT(($J$2:$J$1437=J23)*($AW$2:$AW$1437>AW23)) -> 166 | D23: =E23&J23 -> 166RESERVA DO PAIVA SPE 03 LTDA | E23: =1+SUMPRODUCT(($J$2:$J$1437=$J23)*(AX$2:AX$1437>AX23)) -> 166 | F23: =G23&J23 -> 165RESERVA DO PAIVA SPE 03 LTDA | G23: =1+SUMPRODUCT(($J$2:$J$1437=$J23)*(AY$2:AY$1437>AY23)) -> 165 | H23: =I23&J23 -> 164RESERVA DO PAIVA SPE 03 LTDA | I23: =1+SUMPRODUCT(($J$2:$J$1437=$J23)*(AZ$2:AZ$1437>AZ23)) -> 164 | J23: RESERVA DO PAIVA SPE 03 LTDA | K23: ALBERT HASSLER SILVA DA MOTA | L23: Estagiario Engenharia Civil | M23: GERAL | N23: 1108.96 | P23: 45873 | AS23: -520 | AW23: =AJ23+ROW(C23)/1000000 -> 2.3e-05 | AX23: =AD23+ROW(C23)/1000000 -> 2.3e-05 | AY23: =AB23+ROW(A23)/1000000 -> 2.3e-05 | AZ23: =AP23+ROW(A23)/1000000 -> 2.3e-05
A24: =VLOOKUP(L24,[1]VALIDAÇÃO!$D$13:$E$350,2,0) -> DIRETO | B24: =C24&J24 -> 43RIO AVE 200 SPE LTDA. | C24: =1+SUMPRODUCT(($J$2:$J$1437=J24)*($AW$2:$AW$1437>AW24)) -> 43 | D24: =E24&J24 -> 4RIO AVE 200 SPE LTDA. | E24: =1+SUMPRODUCT(($J$2:$J$1437=$J24)*(AX$2:AX$1437>AX24)) -> 4 | F24: =G24&J24 -> 1RIO AVE 200 SPE LTDA. | G24: =1+SUMPRODUCT(($J$2:$J$1437=$J24)*(AY$2:AY$1437>AY24)) -> 1 | H24: =I24&J24 -> 1RIO AVE 200 SPE LTDA. | I24: =1+SUMPRODUCT(($J$2:$J$1437=$J24)*(AZ$2:AZ$1437>AZ24)) -> 1 | J24: RIO AVE 200 SPE LTDA. | K24: ALCIR JOSE ALVES DE OLIVEIRA | L24: Servente de Obras | M24: OBRA | N24: 1725.01 | O24: 1622.13 | P24: 45677 | R24: 1622.13 | AA24: 12.69 | AB24: 297.14 | AC24: 1667.2714 | AD24: 645.42 | AE24: 3614.9714 | AH24: 55.64 | AI24: 0 | AJ24: 323.21 | AK24: 71.65 | AP24: 517.28 | AQ24: 2167.9286 | AR24: 330.27 | AS24: -695.2 | AW24: =AJ24+ROW(C24)/1000000 -> 323.21002 | AX24: =AD24+ROW(C24)/1000000 -> 645.42002 | AY24: =AB24+ROW(A24)/1000000 -> 297.14002 | AZ24: =AP24+ROW(A24)/1000000 -> 517.28002
A25: =VLOOKUP(L25,[1]VALIDAÇÃO!$D$13:$E$350,2,0) -> DIRETO | B25: =C25&J25 -> 38RESERVA DO PAIVA SPE 01 LTDA. | C25: =1+SUMPRODUCT(($J$2:$J$1437=J25)*($AW$2:$AW$1437>AW25)) -> 38 | D25: =E25&J25 -> 72RESERVA DO PAIVA SPE 01 LTDA. | E25: =1+SUMPRODUCT(($J$2:$J$1437=$J25)*(AX$2:AX$1437>AX25)) -> 72 | F25: =G25&J25 -> 67RESERVA DO PAIVA SPE 01 LTDA. | G25: =1+SUMPRODUCT(($J$2:$J$1437=$J25)*(AY$2:AY$1437>AY25)) -> 67 | H25: =I25&J25 -> 41RESERVA DO PAIVA SPE 01 LTDA. | I25: =1+SUMPRODUCT(($J$2:$J$1437=$J25)*(AZ$2:AZ$1437>AZ25)) -> 41 | J25: RESERVA DO PAIVA SPE 01 LTDA. | K25: ALDECIR COSTA DO NASCIMENTO | L25: Pintor | M25: OBRA | N25: 1928.9 | O25: 2156 | P25: 45936 | R25: 2156 | AA25: 6.46 | AB25: 72.36 | AC25: 992.85714 | AD25: 42.49 | AE25: 509 | AH25: 27.08 | AI25: 0 | AJ25: 719.5 | AK25: 160.2 | AP25: 303.97 | AQ25: 1880.7143 | AR25: 107.75 | AS25: -924 | AW25: =AJ25+ROW(C25)/1000000 -> 719.50003 | AX25: =AD25+ROW(C25)/1000000 -> 42.490025 | AY25: =AB25+ROW(A25)/1000000 -> 72.360025 | AZ25: =AP25+ROW(A25)/1000000 -> 303.97003
A26: =VLOOKUP(L26,[1]VALIDAÇÃO!$D$13:$E$350,2,0) -> DIRETO | B26: =C26&J26 -> 12RIO AVE 200 SPE LTDA. | C26: =1+SUMPRODUCT(($J$2:$J$1437=J26)*($AW$2:$AW$1437>AW26)) -> 12 | D26: =E26&J26 -> 24RIO AVE 200 SPE LTDA. | E26: =1+SUMPRODUCT(($J$2:$J$1437=$J26)*(AX$2:AX$1437>AX26)) -> 24 | F26: =G26&J26 -> 23RIO AVE 200 SPE LTDA. | G26: =1+SUMPRODUCT(($J$2:$J$1437=$J26)*(AY$2:AY$1437>AY26)) -> 23 | H26: =I26&J26 -> 76RIO AVE 200 SPE LTDA. | I26: =1+SUMPRODUCT(($J$2:$J$1437=$J26)*(AZ$2:AZ$1437>AZ26)) -> 76 | J26: RIO AVE 200 SPE LTDA. | K26: ALDEMIR FLORENTINO PESSOA | L26: Armador de Estrutura de Concreto | M26: OBRA | N26: 2148.06 | O26: 2156 | P26: 45859 | R26: 2156 | AA26: 4.88 | AB26: 61.18 | AC26: 568.57143 | AD26: 150.6 | AE26: 808.42857 | AH26: 24.12 | AI26: 0 | AJ26: 986.48 | AK26: 214.82 | AR26: 42.23 | AS26: -1044 | AW26: =AJ26+ROW(C26)/1000000 -> 986.48003 | AX26: =AD26+ROW(C26)/1000000 -> 150.60003 | AY26: =AB26+ROW(A26)/1000000 -> 61.180026 | AZ26: =AP26+ROW(A26)/1000000 -> 2.6e-05
A27: =VLOOKUP(L27,[1]VALIDAÇÃO!$D$13:$E$350,2,0) -> DIRETO | B27: =C27&J27 -> 9RIO AVE PRAIA HOTEL SPE LTDA. | C27: =1+SUMPRODUCT(($J$2:$J$1437=J27)*($AW$2:$AW$1437>AW27)) -> 9 | D27: =E27&J27 -> 12RIO AVE PRAIA HOTEL SPE LTDA. | E27: =1+SUMPRODUCT(($J$2:$J$1437=$J27)*(AX$2:AX$1437>AX27)) -> 12 | F27: =G27&J27 -> 19RIO AVE PRAIA HOTEL SPE LTDA. | G27: =1+SUMPRODUCT(($J$2:$J$1437=$J27)*(AY$2:AY$1437>AY27)) -> 19 | H27: =I27&J27 -> 18RIO AVE PRAIA HOTEL SPE LTDA. | I27: =1+SUMPRODUCT(($J$2:$J$1437=$J27)*(AZ$2:AZ$1437>AZ27)) -> 18 | J27: RIO AVE PRAIA HOTEL SPE LTDA. | K27: ALECSANDRO FRANCISCO ALVES | L27: Servente de Obras | M27: Tomador | N27: 1355.35 | O27: 1564.2 | P27: 45579 | R27: 1564.2 | AA27: 7.44 | AB27: 277.17 | AC27: 1331.3929 | AD27: 184.92 | AE27: 900.14143 | AH27: 33.47 | AI27: 0 | AJ27: 458.53 | AK27: 97.7 | AL27: -8.56 | AM27: 65 | AP27: 198.75 | AQ27: 831.68 | AR27: 147.79 | AS27: -695.2 | AW27: =AJ27+ROW(C27)/1000000 -> 458.53003 | AX27: =AD27+ROW(C27)/1000000 -> 184.92003 | AY27: =AB27+ROW(A27)/1000000 -> 277.17003 | AZ27: =AP27+ROW(A27)/1000000 -> 198.75003
A28: =VLOOKUP(L28,[1]VALIDAÇÃO!$D$13:$E$350,2,0) -> INDIRETO | B28: =C28&J28 -> 129CONDOMINIO DO EDIFICIO EMPRESARIAL MARIE CURIE | C28: =1+SUMPRODUCT(($J$2:$J$1437=J28)*($AW$2:$AW$1437>AW28)) -> 129 | D28: =E28&J28 -> 52CONDOMINIO DO EDIFICIO EMPRESARIAL MARIE CURIE | E28: =1+SUMPRODUCT(($J$2:$J$1437=$J28)*(AX$2:AX$1437>AX28)) -> 52 | F28: =G28&J28 -> 13CONDOMINIO DO EDIFICIO EMPRESARIAL MARIE CURIE | G28: =1+SUMPRODUCT(($J$2:$J$1437=$J28)*(AY$2:AY$1437>AY28)) -> 13 | H28: =I28&J28 -> 4CONDOMINIO DO EDIFICIO EMPRESARIAL MARIE CURIE | I28: =1+SUMPRODUCT(($J$2:$J$1437=$J28)*(AZ$2:AZ$1437>AZ28)) -> 4 | J28: CONDOMINIO DO EDIFICIO EMPRESARIAL MARIE CURIE | K28: ALEX ALBUQUERQUE DE MELO | L28: ENCARREGADO ELETRICISTA | M28: CONDOMINIO MARIE OBRA | N28: 1788.2 | O28: 2747.44 | P28: 45918 | R28: 2747.44 | AB28: 286.61 | AC28: 756 | AD28: 152.82 | AE28: 646.85714 | AP28: 328.51 | AQ28: 907.67143 | AR28: 169.56 | AS28: -1177.48 | AW28: =AJ28+ROW(C28)/1000000 -> 2.8e-05 | AX28: =AD28+ROW(C28)/1000000 -> 152.82003 | AY28: =AB28+ROW(A28)/1000000 -> 286.61003 | AZ28: =AP28+ROW(A28)/1000000 -> 328.51003
A29: =VLOOKUP(L29,[1]VALIDAÇÃO!$D$13:$E$350,2,0) -> DIRETO | B29: =C29&J29 -> 83CONDOMINIO DO EDIFICIO EMPRESARIAL MARIE CURIE | C29: =1+SUMPRODUCT(($J$2:$J$1437=J29)*($AW$2:$AW$1437>AW29)) -> 83 | D29: =E29&J29 -> 74CONDOMINIO DO EDIFICIO EMPRESARIAL MARIE CURIE | E29: =1+SUMPRODUCT(($J$2:$J$1437=$J29)*(AX$2:AX$1437>AX29)) -> 74 | F29: =G29&J29 -> 43CONDOMINIO DO EDIFICIO EMPRESARIAL MARIE CURIE | G29: =1+SUMPRODUCT(($J$2:$J$1437=$J29)*(AY$2:AY$1437>AY29)) -> 43 | H29: =I29&J29 -> 126CONDOMINIO DO EDIFICIO EMPRESARIAL MARIE CURIE | I29: =1+SUMPRODUCT(($J$2:$J$1437=$J29)*(AZ$2:AZ$1437>AZ29)) -> 126 | J29: CONDOMINIO DO EDIFICIO EMPRESARIAL MARIE CURIE | K29: ALEX FAUSTINO DA SILVA | L29: Servente de Obras | M29: CONDOMINIO MARIE OBRA | N29: 720.9 | O29: 1622.13 | P29: 45579 | R29: 1622.13 | AA29: 0.96 | AB29: 95.89 | AC29: 554.21286 | AD29: 78.73 | AE29: 456.87857 | AH29: 4.47 | AI29: 0 | AJ29: 220.09 | AK29: 46.61 | AL29: -2.53 | AM29: 19.19 | AN29: -57.93 | AO29: 1 | AR29: 36.33 | AS29: -695.2 | AT29: -57.93 | AU29: 1 | AW29: =AJ29+ROW(C29)/1000000 -> 220.09003 | AX29: =AD29+ROW(C29)/1000000 -> 78.730029 | AY29: =AB29+ROW(A29)/1000000 -> 95.890029 | AZ29: =AP29+ROW(A29)/1000000 -> 2.9e-05
A30: =VLOOKUP(L30,[1]VALIDAÇÃO!$D$13:$E$350,2,0) -> DIRETO | B30: =C30&J30 -> 30RESERVA DO PAIVA SPE 01 LTDA. | C30: =1+SUMPRODUCT(($J$2:$J$1437=J30)*($AW$2:$AW$1437>AW30)) -> 30 | D30: =E30&J30 -> 11RESERVA DO PAIVA SPE 01 LTDA. | E30: =1+SUMPRODUCT(($J$2:$J$1437=$J30)*(AX$2:AX$1437>AX30)) -> 11 | F30: =G30&J30 -> 20RESERVA DO PAIVA SPE 01 LTDA. | G30: =1+SUMPRODUCT(($J$2:$J$1437=$J30)*(AY$2:AY$1437>AY30)) -> 20 | H30: =I30&J30 -> 10RESERVA DO PAIVA SPE 01 LTDA. | I30: =1+SUMPRODUCT(($J$2:$J$1437=$J30)*(AZ$2:AZ$1437>AZ30)) -> 10 | J30: RESERVA DO PAIVA SPE 01 LTDA. | K30: ALEX FERREIRA DA SILVA | L30: Auxiliar de Eletricista | M30: OBRA | N30: 2844.89 | O30: 1622.13 | P30: 45587 | R30: 1622.13 | AA30: 44.07 | AB30: 421.02 | AC30: 2147.8971 | AD30: 887.96 | AE30: 4443.9786 | AH30: 199.93 | AI30: 0 | AJ30: 781.07 | AK30: 170.7 | AP30: 802.96 | AQ30: 3276.5971 | AR30: 466.83 | AS30: -695.2 | AW30: =AJ30+ROW(C30)/1000000 -> 781.07003 | AX30: =AD30+ROW(C30)/1000000 -> 887.96003 | AY30: =AB30+ROW(A30)/1000000 -> 421.02003 | AZ30: =AP30+ROW(A30)/1000000 -> 802.96003
A31: =VLOOKUP(L31,[1]VALIDAÇÃO!$D$13:$E$350,2,0) -> DIRETO | B31: =C31&J31 -> 8RIO AVE PRAIA HOTEL SPE LTDA. | C31: =1+SUMPRODUCT(($J$2:$J$1437=J31)*($AW$2:$AW$1437>AW31)) -> 8 | D31: =E31&J31 -> 9RIO AVE PRAIA HOTEL SPE LTDA. | E31: =1+SUMPRODUCT(($J$2:$J$1437=$J31)*(AX$2:AX$1437>AX31)) -> 9 | F31: =G31&J31 -> 15RIO AVE PRAIA HOTEL SPE LTDA. | G31: =1+SUMPRODUCT(($J$2:$J$1437=$J31)*(AY$2:AY$1437>AY31)) -> 15 | H31: =I31&J31 -> 6RIO AVE PRAIA HOTEL SPE LTDA. | I31: =1+SUMPRODUCT(($J$2:$J$1437=$J31)*(AZ$2:AZ$1437>AZ31)) -> 6 | J31: RIO AVE PRAIA HOTEL SPE LTDA. | K31: ALEXANDRE BARBOSA DE MELO | L31: Servente de Obras | M31: Tomador | N31: 1781.14 | O31: 1564.2 | P31: 45328 | R31: 1564.2 | AA31: 15.27 | AB31: 307.06 | AC31: 1602.6986 | AD31: 371.31 | AE31: 1732.4071 | AH31: 69.85 | AI31: 0 | AJ31: 490.7 | AK31: 105.09 | AP31: 622.84 | AQ31: 2405.0543 | AR31: 276.14 | AS31: -695.2 | AW31: =AJ31+ROW(C31)/1000000 -> 490.70003 | AX31: =AD31+ROW(C31)/1000000 -> 371.31003 | AY31: =AB31+ROW(A31)/1000000 -> 307.06003 | AZ31: =AP31+ROW(A31)/1000000 -> 622.84003
A32: =VLOOKUP(L32,[1]VALIDAÇÃO!$D$13:$E$350,2,0) -> DIRETO | B32: =C32&J32 -> 74CONDOMINIO DO EDIFICIO EMPRESARIAL MARIE CURIE | C32: =1+SUMPRODUCT(($J$2:$J$1437=J32)*($AW$2:$AW$1437>AW32)) -> 74 | D32: =E32&J32 -> 25CONDOMINIO DO EDIFICIO EMPRESARIAL MARIE CURIE | E32: =1+SUMPRODUCT(($J$2:$J$1437=$J32)*(AX$2:AX$1437>AX32)) -> 25 | F32: =G32&J32 -> 8CONDOMINIO DO EDIFICIO EMPRESARIAL MARIE CURIE | G32: =1+SUMPRODUCT(($J$2:$J$1437=$J32)*(AY$2:AY$1437>AY32)) -> 8 | H32: =I32&J32 -> 125CONDOMINIO DO EDIFICIO EMPRESARIAL MARIE CURIE | I32: =1+SUMPRODUCT(($J$2:$J$1437=$J32)*(AZ$2:AZ$1437>AZ32)) -> 125 | J32: CONDOMINIO DO EDIFICIO EMPRESARIAL MARIE CURIE | K32: ALEXANDRE BIBIANO ALVES | L32: Operador de betoneira | M32: CONDOMINIO MARIE OBRA | N32: 1434.28 | O32: 2156 | P32: 45446 | R32: 2156 | AA32: 3.68 | AB32: 328.29 | AC32: 1156.2757 | AD32: 276.87 | AE32: 960.61571 | AH32: 17.43 | AI32: 0 | AJ32: 284.56 | AK32: 60.76 | AR32: 125.04 | AS32: -924 | AW32: =AJ32+ROW(C32)/1000000 -> 284.56003 | AX32: =AD32+ROW(C32)/1000000 -> 276.87003 | AY32: =AB32+ROW(A32)/1000000 -> 328.29003 | AZ32: =AP32+ROW(A32)/1000000 -> 3.2e-05
A33: =VLOOKUP(L33,[1]VALIDAÇÃO!$D$13:$E$350,2,0) -> DIRETO | B33: =C33&J33 -> 8RIO AVE 130 SPE LTDA | C33: =1+SUMPRODUCT(($J$2:$J$1437=J33)*($AW$2:$AW$1437>AW33)) -> 8 | D33: =E33&J33 -> 27RIO AVE 130 SPE LTDA | E33: =1+SUMPRODUCT(($J$2:$J$1437=$J33)*(AX$2:AX$1437>AX33)) -> 27 | F33: =G33&J33 -> 45RIO AVE 130 SPE LTDA | G33: =1+SUMPRODUCT(($J$2:$J$1437=$J33)*(AY$2:AY$1437>AY33)) -> 45 | H33: =I33&J33 -> 24RIO AVE 130 SPE LTDA | I33: =1+SUMPRODUCT(($J$2:$J$1437=$J33)*(AZ$2:AZ$1437>AZ33)) -> 24 | J33: RIO AVE 130 SPE LTDA | K33: ALEXANDRE JOSE DOS SANTOS | L33: Encanador | M33: OBRA | N33: 1860.77 | O33: 2156 | P33: 45726 | R33: 2156 | AA33: 11.25 | AB33: 60.75 | AC33: 312.54286 | AD33: 299.49 | AE33: 1160.9143 | AH33: 51.68 | AI33: 0 | AJ33: 1108.37 | AK33: 239.63 | AL33: -11.2 | AM33: 64 | AP33: 109.55 | AQ33: 313 | AR33: 101.91 | AS33: -924 | AW33: =AJ33+ROW(C33)/1000000 -> 1108.37 | AX33: =AD33+ROW(C33)/1000000 -> 299.49003 | AY33: =AB33+ROW(A33)/1000000 -> 60.750033 | AZ33: =AP33+ROW(A33)/1000000 -> 109.55003
A34: =VLOOKUP(L34,[1]VALIDAÇÃO!$D$13:$E$350,2,0) -> DIRETO | B34: =C34&J34 -> 116RESERVA DO PAIVA SPE 03 LTDA | C34: =1+SUMPRODUCT(($J$2:$J$1437=J34)*($AW$2:$AW$1437>AW34)) -> 116 | D34: =E34&J34 -> 165RESERVA DO PAIVA SPE 03 LTDA | E34: =1+SUMPRODUCT(($J$2:$J$1437=$J34)*(AX$2:AX$1437>AX34)) -> 165 | F34: =G34&J34 -> 73RESERVA DO PAIVA SPE 03 LTDA | G34: =1+SUMPRODUCT(($J$2:$J$1437=$J34)*(AY$2:AY$1437>AY34)) -> 73 | H34: =I34&J34 -> 163RESERVA DO PAIVA SPE 03 LTDA | I34: =1+SUMPRODUCT(($J$2:$J$1437=$J34)*(AZ$2:AZ$1437>AZ34)) -> 163 | J34: RESERVA DO PAIVA SPE 03 LTDA | K34: ALEXANDRE MAGNO CAVALCANTE | L34: Servente de Obras | M34: OBRA | N34: 930.17 | O34: 1622.13 | P34: 45964 | R34: 1622.13 | AA34: 0.46 | AB34: 108.34 | AC34: 484 | AH34: 2.11 | AI34: 0 | AJ34: 82.14 | AK34: 17.86 | AR34: 23.55 | AS34: -695.2 | AW34: =AJ34+ROW(C34)/1000000 -> 82.140034 | AX34: =AD34+ROW(C34)/1000000 -> 3.4e-05 | AY34: =AB34+ROW(A34)/1000000 -> 108.34003 | AZ34: =AP34+ROW(A34)/1000000 -> 3.4e-05
A35: =VLOOKUP(L35,[1]VALIDAÇÃO!$D$13:$E$350,2,0) -> DIRETO | B35: =C35&J35 -> 154RIO AVE CARNEIROS 01 SPE LTDA. | C35: =1+SUMPRODUCT(($J$2:$J$1437=J35)*($AW$2:$AW$1437>AW35)) -> 154 | D35: =E35&J35 -> 118RIO AVE CARNEIROS 01 SPE LTDA. | E35: =1+SUMPRODUCT(($J$2:$J$1437=$J35)*(AX$2:AX$1437>AX35)) -> 118 | F35: =G35&J35 -> 155RIO AVE CARNEIROS 01 SPE LTDA. | G35: =1+SUMPRODUCT(($J$2:$J$1437=$J35)*(AY$2:AY$1437>AY35)) -> 155 | H35: =I35&J35 -> 155RIO AVE CARNEIROS 01 SPE LTDA. | I35: =1+SUMPRODUCT(($J$2:$J$1437=$J35)*(AZ$2:AZ$1437>AZ35)) -> 155 | J35: RIO AVE CARNEIROS 01 SPE LTDA. | K35: ALEXANDRE VICENTE DE ARAUJO | L35: Servente de Obras | M35: OBRA | N35: 661.91 | O35: 1506.27 | P35: 45994 | R35: 1506.27 | AD35: 6.27 | AE35: 28 | AR35: 1.49 | AS35: -735.2 | AW35: =AJ35+ROW(C35)/1000000 -> 3.5e-05 | AX35: =AD35+ROW(C35)/1000000 -> 6.270035 | AY35: =AB35+ROW(A35)/1000000 -> 3.5e-05 | AZ35: =AP35+ROW(A35)/1000000 -> 3.5e-05
A36: =VLOOKUP(L36,[1]VALIDAÇÃO!$D$13:$E$350,2,0) -> INDIRETO | B36: =C36&J36 -> 128CONDOMINIO DO EDIFICIO EMPRESARIAL MARIE CURIE | C36: =1+SUMPRODUCT(($J$2:$J$1437=J36)*($AW$2:$AW$1437>AW36)) -> 128 | D36: =E36&J36 -> 4CONDOMINIO DO EDIFICIO EMPRESARIAL MARIE CURIE | E36: =1+SUMPRODUCT(($J$2:$J$1437=$J36)*(AX$2:AX$1437>AX36)) -> 4 | F36: =G36&J36 -> 29CONDOMINIO DO EDIFICIO EMPRESARIAL MARIE CURIE | G36: =1+SUMPRODUCT(($J$2:$J$1437=$J36)*(AY$2:AY$1437>AY36)) -> 29 | H36: =I36&J36 -> 124CONDOMINIO DO EDIFICIO EMPRESARIAL MARIE CURIE | I36: =1+SUMPRODUCT(($J$2:$J$1437=$J36)*(AZ$2:AZ$1437>AZ36)) -> 124 | J36: CONDOMINIO DO EDIFICIO EMPRESARIAL MARIE CURIE | K36: ALEXSANDRO FAUSTINO SOARES | L36: Encarregado de Obra | M36: CONDOMINIO MARIE OBRA | N36: 1380.93 | O36: 3777.73 | P36: 45603 | R36: 3777.73 | AB36: 143.4 | AC36: 306.58714 | AD36: 740.08 | AE36: 1717.7671 | AR36: 177.21 | AS36: -1619.03 | AW36: =AJ36+ROW(C36)/1000000 -> 3.6e-05 | AX36: =AD36+ROW(C36)/1000000 -> 740.08004 | AY36: =AB36+ROW(A36)/1000000 -> 143.40004 | AZ36: =AP36+ROW(A36)/1000000 -> 3.6e-05
A37: =VLOOKUP(L37,[1]VALIDAÇÃO!$D$13:$E$350,2,0) -> INDIRETO | B37: =C37&J37 -> 127CONDOMINIO DO EDIFICIO EMPRESARIAL MARIE CURIE | C37: =1+SUMPRODUCT(($J$2:$J$1437=J37)*($AW$2:$AW$1437>AW37)) -> 127 | D37: =E37&J37 -> 77CONDOMINIO DO EDIFICIO EMPRESARIAL MARIE CURIE | E37: =1+SUMPRODUCT(($J$2:$J$1437=$J37)*(AX$2:AX$1437>AX37)) -> 77 | F37: =G37&J37 -> 128CONDOMINIO DO EDIFICIO EMPRESARIAL MARIE CURIE | G37: =1+SUMPRODUCT(($J$2:$J$1437=$J37)*(AY$2:AY$1437>AY37)) -> 128 | H37: =I37&J37 -> 123CONDOMINIO DO EDIFICIO EMPRESARIAL MARIE CURIE | I37: =1+SUMPRODUCT(($J$2:$J$1437=$J37)*(AZ$2:AZ$1437>AZ37)) -> 123 | J37: CONDOMINIO DO EDIFICIO EMPRESARIAL MARIE CURIE | K37: ALICE VITORIA INACIO VENANCIO | L37: Assistente de DP | M37: CONDOMINIO MARIE OBRA | N37: 817.39 | O37: 2156 | P37: 45670 | R37: 2156 | AD37: 73.13 | AE37: 266.30429 | AR37: 15.57 | AS37: -924 | AW37: =AJ37+ROW(C37)/1000000 -> 3.7e-05 | AX37: =AD37+ROW(C37)/1000000 -> 73.130037 | AY37: =AB37+ROW(A37)/1000000 -> 3.7e-05 | AZ37: =AP37+ROW(A37)/1000000 -> 3.7e-05
A38: =VLOOKUP(L38,[1]VALIDAÇÃO!$D$13:$E$350,2,0) -> DIRETO | B38: =C38&J38 -> 101CONDOMINIO DO EDIFICIO EMPRESARIAL MARIE CURIE | C38: =1+SUMPRODUCT(($J$2:$J$1437=J38)*($AW$2:$AW$1437>AW38)) -> 101 | D38: =E38&J38 -> 40CONDOMINIO DO EDIFICIO EMPRESARIAL MARIE CURIE | E38: =1+SUMPRODUCT(($J$2:$J$1437=$J38)*(AX$2:AX$1437>AX38)) -> 40 | F38: =G38&J38 -> 127CONDOMINIO DO EDIFICIO EMPRESARIAL MARIE CURIE | G38: =1+SUMPRODUCT(($J$2:$J$1437=$J38)*(AY$2:AY$1437>AY38)) -> 127 | H38: =I38&J38 -> 122CONDOMINIO DO EDIFICIO EMPRESARIAL MARIE CURIE | I38: =1+SUMPRODUCT(($J$2:$J$1437=$J38)*(AZ$2:AZ$1437>AZ38)) -> 122 | J38: CONDOMINIO DO EDIFICIO EMPRESARIAL MARIE CURIE | K38: ALINDOALDO ALVES DA SILVA | L38: Encanador | M38: CONDOMINIO MARIE OBRA | N38: 1221.87 | O38: 2156 | P38: 45992 | R38: 2156 | AA38: 1.28 | AD38: 194.62 | AE38: 654.19 | AH38: 5.87 | AI38: 0 | AJ38: 169.23 | AK38: 36.79 | AR38: 42.31 | AS38: -924 | AW38: =AJ38+ROW(C38)/1000000 -> 169.23004 | AX38: =AD38+ROW(C38)/1000000 -> 194.62004 | AY38: =AB38+ROW(A38)/1000000 -> 3.8e-05 | AZ38: =AP38+ROW(A38)/1000000 -> 3.8e-05
A39: =VLOOKUP(L39,[1]VALIDAÇÃO!$D$13:$E$350,2,0) -> DIRETO | B39: =C39&J39 -> 52RESERVA DO PAIVA SPE 03 LTDA | C39: =1+SUMPRODUCT(($J$2:$J$1437=J39)*($AW$2:$AW$1437>AW39)) -> 52 | D39: =E39&J39 -> 39RESERVA DO PAIVA SPE 03 LTDA | E39: =1+SUMPRODUCT(($J$2:$J$1437=$J39)*(AX$2:AX$1437>AX39)) -> 39 | F39: =G39&J39 -> 106RESERVA DO PAIVA SPE 03 LTDA | G39: =1+SUMPRODUCT(($J$2:$J$1437=$J39)*(AY$2:AY$1437>AY39)) -> 106 | H39: =I39&J39 -> 162RESERVA DO PAIVA SPE 03 LTDA | I39: =1+SUMPRODUCT(($J$2:$J$1437=$J39)*(AZ$2:AZ$1437>AZ39)) -> 162 | J39: RESERVA DO PAIVA SPE 03 LTDA | K39: ALISSON DA SILVA VIEIRA | L39: Servente de Obras | M39: OBRA | N39: 361.65 | O39: 1622.13 | P39: 45509 | R39: 1622.13 | W39: 1.82 | X39: 63.43 | AA39: 2.89 | AB39: 37.63 | AC39: 212.71714 | AD39: 375.38 | AE39: 2105.2086 | AH39: 13.26 | AI39: 0 | AJ39: 285.26 | AK39: 62.2 | AL39: -24.49 | AM39: 186 | AR39: 88.56 | AS39: -695.2 | AW39: =AJ39+ROW(C39)/1000000 -> 285.26004 | AX39: =AD39+ROW(C39)/1000000 -> 375.38004 | AY39: =AB39+ROW(A39)/1000000 -> 37.630039 | AZ39: =AP39+ROW(A39)/1000000 -> 3.9e-05
A40: =VLOOKUP(L40,[1]VALIDAÇÃO!$D$13:$E$350,2,0) -> DIRETO | B40: =C40&J40 -> 26RIO AVE 200 SPE LTDA. | C40: =1+SUMPRODUCT(($J$2:$J$1437=J40)*($AW$2:$AW$1437>AW40)) -> 26 | D40: =E40&J40 -> 27RIO AVE 200 SPE LTDA. | E40: =1+SUMPRODUCT(($J$2:$J$1437=$J40)*(AX$2:AX$1437>AX40)) -> 27 | F40: =G40&J40 -> 34RIO AVE 200 SPE LTDA. | G40: =1+SUMPRODUCT(($J$2:$J$1437=$J40)*(AY$2:AY$1437>AY40)) -> 34 | H40: =I40&J40 -> 75RIO AVE 200 SPE LTDA. | I40: =1+SUMPRODUCT(($J$2:$J$1437=$J40)*(AZ$2:AZ$1437>AZ40)) -> 75 | J40: RIO AVE 200 SPE LTDA. | K40: ALISSON FERNANDES DA SILVA | L40: Armador de Estrutura de Concreto | M40: OBRA | N40: 1655.85 | O40: 2156 | P40: 45909 | R40: 2156 | AA40: 2.92 | AB40: 20.84 | AC40: 230.95714 | AD40: 140 | AE40: 745.28571 | AH40: 13.77 | AI40: 0 | AJ40: 646.46 | AK40: 145.15 | AR40: 33.79 | AS40: -924 | AW40: =AJ40+ROW(C40)/1000000 -> 646.46004 | AX40: =AD40+ROW(C40)/1000000 -> 140.00004 | AY40: =AB40+ROW(A40)/1000000 -> 20.84004 | AZ40: =AP40+ROW(A40)/1000000 -> 4e-05
A41: =VLOOKUP(L41,[1]VALIDAÇÃO!$D$13:$E$350,2,0) -> DIRETO | B41: =C41&J41 -> 109RESERVA DO PAIVA SPE 03 LTDA | C41: =1+SUMPRODUCT(($J$2:$J$1437=J41)*($AW$2:$AW$1437>AW41)) -> 109 | D41: =E41&J41 -> 96RESERVA DO PAIVA SPE 03 LTDA | E41: =1+SUMPRODUCT(($J$2:$J$1437=$J41)*(AX$2:AX$1437>AX41)) -> 96 | F41: =G41&J41 -> 30RESERVA DO PAIVA SPE 03 LTDA | G41: =1+SUMPRODUCT(($J$2:$J$1437=$J41)*(AY$2:AY$1437>AY41)) -> 30 | H41: =I41&J41 -> 161RESERVA DO PAIVA SPE 03 LTDA | I41: =1+SUMPRODUCT(($J$2:$J$1437=$J41)*(AZ$2:AZ$1437>AZ41)) -> 161 | J41: RESERVA DO PAIVA SPE 03 LTDA | K41: ALMIR ALVES DA SILVA | L41: Servente de Obras | M41: OBRA | N41: 955.31 | O41: 1622.13 | P41: 45910 | R41: 1622.13 | AA41: 1.63 | AB41: 268.42 | AC41: 1661.3286 | AD41: 147.48 | AE41: 1168.4286 | AH41: 7.07 | AI41: 0 | AJ41: 96.22 | AK41: 22.46 | AN41: -57.93 | AO41: 1 | AR41: 94.02 | AS41: -695.2 | AT41: -57.93 | AU41: 1 | AV41: -91758.08 | AW41: =AJ41+ROW(C41)/1000000 -> 96.220041 | AX41: =AD41+ROW(C41)/1000000 -> 147.48004 | AY41: =AB41+ROW(A41)/1000000 -> 268.42004 | AZ41: =AP41+ROW(A41)/1000000 -> 4.1e-05
A42: =VLOOKUP(L42,[1]VALIDAÇÃO!$D$13:$E$350,2,0) -> DIRETO | B42: =C42&J42 -> 93CONDOMINIO DO EDIFICIO EMPRESARIAL MARIE CURIE | C42: =1+SUMPRODUCT(($J$2:$J$1437=J42)*($AW$2:$AW$1437>AW42)) -> 93 | D42: =E42&J42 -> 111CONDOMINIO DO EDIFICIO EMPRESARIAL MARIE CURIE | E42: =1+SUMPRODUCT(($J$2:$J$1437=$J42)*(AX$2:AX$1437>AX42)) -> 111 | F42: =G42&J42 -> 126CONDOMINIO DO EDIFICIO EMPRESARIAL MARIE CURIE | G42: =1+SUMPRODUCT(($J$2:$J$1437=$J42)*(AY$2:AY$1437>AY42)) -> 126 | H42: =I42&J42 -> 121CONDOMINIO DO EDIFICIO EMPRESARIAL MARIE CURIE | I42: =1+SUMPRODUCT(($J$2:$J$1437=$J42)*(AZ$2:AZ$1437>AZ42)) -> 121 | J42: CONDOMINIO DO EDIFICIO EMPRESARIAL MARIE CURIE | K42: ALUISIO FORTUNATO ALVES | L42: AUXILIAR DE ELETRICISTA | M42: CONDOMINIO MARIE OBRA | N42: 857.05 | O42: 1622.13 | P42: 45909 | R42: 1622.13 | AA42: 0.08 | AD42: 8.84 | AE42: 130.18571 | AH42: 0.35 | AI42: 0 | AJ42: 185.34 | AK42: 42.66 | AR42: 1.74 | AS42: -695.2 | AW42: =AJ42+ROW(C42)/1000000 -> 185.34004 | AX42: =AD42+ROW(C42)/1000000 -> 8.840042 | AY42: =AB42+ROW(A42)/1000000 -> 4.2e-05 | AZ42: =AP42+ROW(A42)/1000000 -> 4.2e-05
A43: =VLOOKUP(L43,[1]VALIDAÇÃO!$D$13:$E$350,2,0) -> INDIRETO | B43: =C43&J43 -> 65RIO AVE 130 SPE LTDA | C43: =1+SUMPRODUCT(($J$2:$J$1437=J43)*($AW$2:$AW$1437>AW43)) -> 65 | D43: =E43&J43 -> 53RIO AVE 130 SPE LTDA | E43: =1+SUMPRODUCT(($J$2:$J$1437=$J43)*(AX$2:AX$1437>AX43)) -> 53 | F43: =G43&J43 -> 65RIO AVE 130 SPE LTDA | G43: =1+SUMPRODUCT(($J$2:$J$1437=$J43)*(AY$2:AY$1437>AY43)) -> 65 | H43: =I43&J43 -> 65RIO AVE 130 SPE LTDA | I43: =1+SUMPRODUCT(($J$2:$J$1437=$J43)*(AZ$2:AZ$1437>AZ43)) -> 65 | J43: RIO AVE 130 SPE LTDA | K43: ALYA SUSAN ALVES FERREIRA DOS SANTOS | L43: Aprendiz Administrativo | M43: GERAL | N43: 330.35 | O43: 665.46 | P43: 45628 | R43: 665.46 | AD43: 2.39 | AE43: 22.971429 | AR43: 0.56 | AS43: -285.2 | AV43: 156944.33 | AW43: =AJ43+ROW(C43)/1000000 -> 4.3e-05 | AX43: =AD43+ROW(C43)/1000000 -> 2.390043 | AY43: =AB43+ROW(A43)/1000000 -> 4.3e-05 | AZ43: =AP43+ROW(A43)/1000000 -> 4.3e-05
A44: =VLOOKUP(L44,[1]VALIDAÇÃO!$D$13:$E$350,2,0) -> INDIRETO | B44: =C44&J44 -> 77RIO AVE 200 SPE LTDA. | C44: =1+SUMPRODUCT(($J$2:$J$1437=J44)*($AW$2:$AW$1437>AW44)) -> 77 | D44: =E44&J44 -> 78RIO AVE 200 SPE LTDA. | E44: =1+SUMPRODUCT(($J$2:$J$1437=$J44)*(AX$2:AX$1437>AX44)) -> 78 | F44: =G44&J44 -> 78RIO AVE 200 SPE LTDA. | G44: =1+SUMPRODUCT(($J$2:$J$1437=$J44)*(AY$2:AY$1437>AY44)) -> 78 | H44: =I44&J44 -> 74RIO AVE 200 SPE LTDA. | I44: =1+SUMPRODUCT(($J$2:$J$1437=$J44)*(AZ$2:AZ$1437>AZ44)) -> 74 | J44: RIO AVE 200 SPE LTDA. | K44: AMANDA GABRIELLA VIEIRAS SOARES | L44: Estagiario Engenharia Civil | M44: ADM | N44: 946.46 | P44: 45951 | AS44: -520 | AW44: =AJ44+ROW(C44)/1000000 -> 4.4e-05 | AX44: =AD44+ROW(C44)/1000000 -> 4.4e-05 | AY44: =AB44+ROW(A44)/1000000 -> 4.4e-05 | AZ44: =AP44+ROW(A44)/1000000 -> 4.4e-05
A45: =VLOOKUP(L45,[1]VALIDAÇÃO!$D$13:$E$350,2,0) -> INDIRETO | B45: =C45&J45 -> 165RESERVA DO PAIVA SPE 03 LTDA | C45: =1+SUMPRODUCT(($J$2:$J$1437=J45)*($AW$2:$AW$1437>AW45)) -> 165 | D45: =E45&J45 -> 11RESERVA DO PAIVA SPE 03 LTDA | E45: =1+SUMPRODUCT(($J$2:$J$1437=$J45)*(AX$2:AX$1437>AX45)) -> 11 | F45: =G45&J45 -> 17RESERVA DO PAIVA SPE 03 LTDA | G45: =1+SUMPRODUCT(($J$2:$J$1437=$J45)*(AY$2:AY$1437>AY45)) -> 17 | H45: =I45&J45 -> 7RESERVA DO PAIVA SPE 03 LTDA | I45: =1+SUMPRODUCT(($J$2:$J$1437=$J45)*(AZ$2:AZ$1437>AZ45)) -> 7 | J45: RESERVA DO PAIVA SPE 03 LTDA | K45: AMARO JOSE DA SILVA | L45: Encarregado de Obra | M45: GERAL | N45: 2326.09 | O45: 3090.87 | P45: 45909 | R45: 3090.87 | AB45: 356.73 | AC45: 1638.9 | AD45: 764.88 | AE45: 3002.2429 | AL45: -20.32 | AM45: 81 | AP45: 640.41 | AQ45: 1848.9 | AR45: 406.59 | AS45: -1324.66 | AV45: =AV43-AV41 -> 248702.41 | AW45: =AJ45+ROW(C45)/1000000 -> 4.5e-05 | AX45: =AD45+ROW(C45)/1000000 -> 764.88005 | AY45: =AB45+ROW(A45)/1000000 -> 356.73005 | AZ45: =AP45+ROW(A45)/1000000 -> 640.41004
A46: =VLOOKUP(L46,[1]VALIDAÇÃO!$D$13:$E$350,2,0) -> INDIRETO | B46: =C46&J46 -> 77RIO AVE CARNEIROS 01 SPE LTDA. | C46: =1+SUMPRODUCT(($J$2:$J$1437=J46)*($AW$2:$AW$1437>AW46)) -> 77 | D46: =E46&J46 -> 66RIO AVE CARNEIROS 01 SPE LTDA. | E46: =1+SUMPRODUCT(($J$2:$J$1437=$J46)*(AX$2:AX$1437>AX46)) -> 66 | F46: =G46&J46 -> 24RIO AVE CARNEIROS 01 SPE LTDA. | G46: =1+SUMPRODUCT(($J$2:$J$1437=$J46)*(AY$2:AY$1437>AY46)) -> 24 | H46: =I46&J46 -> 5RIO AVE CARNEIROS 01 SPE LTDA. | I46: =1+SUMPRODUCT(($J$2:$J$1437=$J46)*(AZ$2:AZ$1437>AZ46)) -> 5 | J46: RIO AVE CARNEIROS 01 SPE LTDA. | K46: AMARO MARCOS DA SILVA | L46: Encarregado de Obra | M46: OBRA | N46: 1298.89 | O46: 2747.44 | P46: 45764 | R46: 2747.44 | AA46: 4.29 | AB46: 180.1 | AC46: 873.11429 | AD46: 78.77 | AE46: 242.11429 | AH46: 21.15 | AI46: 0 | AJ46: 328.93 | AK46: 66.41 | AP46: 104.51 | AQ46: 436.61429 | AR46: 68.62 | AS46: -1177.48 | AW46: =AJ46+ROW(C46)/1000000 -> 328.93005 | AX46: =AD46+ROW(C46)/1000000 -> 78.770046 | AY46: =AB46+ROW(A46)/1000000 -> 180.10005 | AZ46: =AP46+ROW(A46)/1000000 -> 104.51005
A47: =VLOOKUP(L47,[1]VALIDAÇÃO!$D$13:$E$350,2,0) -> DIRETO | B47: =C47&J47 -> 47RESERVA DO PAIVA SPE 03 LTDA | C47: =1+SUMPRODUCT(($J$2:$J$1437=J47)*($AW$2:$AW$1437>AW47)) -> 47 | D47: =E47&J47 -> 54RESERVA DO PAIVA SPE 03 LTDA | E47: =1+SUMPRODUCT(($J$2:$J$1437=$J47)*(AX$2:AX$1437>AX47)) -> 54 | F47: =G47&J47 -> 164RESERVA DO PAIVA SPE 03 LTDA | G47: =1+SUMPRODUCT(($J$2:$J$1437=$J47)*(AY$2:AY$1437>AY47)) -> 164 | H47: =I47&J47 -> 160RESERVA DO PAIVA SPE 03 LTDA | I47: =1+SUMPRODUCT(($J$2:$J$1437=$J47)*(AZ$2:AZ$1437>AZ47)) -> 160 | J47: RESERVA DO PAIVA SPE 03 LTDA | K47: AMARO OTAVIO DA CONCEICAO SILVA | L47: Servente de Obras | M47: OBRA | N47: 1281.68 | O47: 1622.13 | P47: 45964 | R47: 1622.13 | AA47: 3.9 | AD47: 275.89 | AE47: 1860.6 | AH47: 17.8 | AI47: 0 | AJ47: 314.99 | AK47: 69.61 | AL47: -60.04 | AM47: 456 | AR47: 61.53 | AS47: -695.2 | AW47: =AJ47+ROW(C47)/1000000 -> 314.99005 | AX47: =AD47+ROW(C47)/1000000 -> 275.89005 | AY47: =AB47+ROW(A47)/1000000 -> 4.7e-05 | AZ47: =AP47+ROW(A47)/1000000 -> 4.7e-05
A48: =VLOOKUP(L48,[1]VALIDAÇÃO!$D$13:$E$350,2,0) -> DIRETO | B48: =C48&J48 -> 31RESERVA DO PAIVA SPE 03 LTDA | C48: =1+SUMPRODUCT(($J$2:$J$1437=J48)*($AW$2:$AW$1437>AW48)) -> 31 | D48: =E48&J48 -> 46RESERVA DO PAIVA SPE 03 LTDA | E48: =1+SUMPRODUCT(($J$2:$J$1437=$J48)*(AX$2:AX$1437>AX48)) -> 46 | F48: =G48&J48 -> 35RESERVA DO PAIVA SPE 03 LTDA | G48: =1+SUMPRODUCT(($J$2:$J$1437=$J48)*(AY$2:AY$1437>AY48)) -> 35 | H48: =I48&J48 -> 73RESERVA DO PAIVA SPE 03 LTDA | I48: =1+SUMPRODUCT(($J$2:$J$1437=$J48)*(AZ$2:AZ$1437>AZ48)) -> 73 | J48: RESERVA DO PAIVA SPE 03 LTDA | K48: AMARO RUFINO BARBOSA | L48: Pedreiro | M48: OBRA | N48: 1730.36 | O48: 2156 | P48: 45798 | R48: 2156 | AA48: 6.91 | AB48: 252.62 | AC48: 1220.9557 | AD48: 334.25 | AE48: 1608.1557 | AH48: 31.84 | AI48: 0 | AJ48: 429.61 | AK48: 94.12 | AP48: 16.99 | AQ48: 101.45714 | AR48: 130.35 | AS48: -924 | AW48: =AJ48+ROW(C48)/1000000 -> 429.61005 | AX48: =AD48+ROW(C48)/1000000 -> 334.25005 | AY48: =AB48+ROW(A48)/1000000 -> 252.62005 | AZ48: =AP48+ROW(A48)/1000000 -> 16.990048
A49: =VLOOKUP(L49,[1]VALIDAÇÃO!$D$13:$E$350,2,0) -> DIRETO | B49: =C49&J49 -> 30RESERVA DO PAIVA SPE 03 LTDA | C49: =1+SUMPRODUCT(($J$2:$J$1437=J49)*($AW$2:$AW$1437>AW49)) -> 30 | D49: =E49&J49 -> 77RESERVA DO PAIVA SPE 03 LTDA | E49: =1+SUMPRODUCT(($J$2:$J$1437=$J49)*(AX$2:AX$1437>AX49)) -> 77 | F49: =G49&J49 -> 112RESERVA DO PAIVA SPE 03 LTDA | G49: =1+SUMPRODUCT(($J$2:$J$1437=$J49)*(AY$2:AY$1437>AY49)) -> 112 | H49: =I49&J49 -> 159RESERVA DO PAIVA SPE 03 LTDA | I49: =1+SUMPRODUCT(($J$2:$J$1437=$J49)*(AZ$2:AZ$1437>AZ49)) -> 159 | J49: RESERVA DO PAIVA SPE 03 LTDA | K49: AMARO SEBASTIAO DO NASCIMENTO | L49: Servente de Obras | M49: OBRA | N49: 851.77 | O49: 1622.13 | P49: 45691 | R49: 1622.13 | AA49: 1.79 | AB49: 21.22 | AC49: 133.21429 | AD49: 191.02 | AE49: 1129.8414 | AH49: 8.42 | AI49: 0 | AJ49: 455.17 | AK49: 99.02 | AL49: -31.86 | AM49: 242 | AR49: 45.27 | AS49: -695.2 | AW49: =AJ49+ROW(C49)/1000000 -> 455.17005 | AX49: =AD49+ROW(C49)/1000000 -> 191.02005 | AY49: =AB49+ROW(A49)/1000000 -> 21.220049 | AZ49: =AP49+ROW(A49)/1000000 -> 4.9e-05
A50: =VLOOKUP(L50,[1]VALIDAÇÃO!$D$13:$E$350,2,0) -> DIRETO | B50: =C50&J50 -> 45RIO AVE CARNEIROS 01 SPE LTDA. | C50: =1+SUMPRODUCT(($J$2:$J$1437=J50)*($AW$2:$AW$1437>AW50)) -> 45 | D50: =E50&J50 -> 16RIO AVE CARNEIROS 01 SPE LTDA. | E50: =1+SUMPRODUCT(($J$2:$J$1437=$J50)*(AX$2:AX$1437>AX50)) -> 16 | F50: =G50&J50 -> 28RIO AVE CARNEIROS 01 SPE LTDA. | G50: =1+SUMPRODUCT(($J$2:$J$1437=$J50)*(AY$2:AY$1437>AY50)) -> 28 | H50: =I50&J50 -> 154RIO AVE CARNEIROS 01 SPE LTDA. | I50: =1+SUMPRODUCT(($J$2:$J$1437=$J50)*(AZ$2:AZ$1437>AZ50)) -> 154 | J50: RIO AVE CARNEIROS 01 SPE LTDA. | K50: AMAURY PEDRO DA SILVA | L50: Pedreiro | M50: OBRA | N50: 1635.57 | O50: 2156 | P50: 45810 | R50: 2156 | AA50: 6.58 | AB50: 169.19 | AC50: 1167.1429 | AD50: 446.81 | AE50: 2302.2857 | AH50: 29.01 | AI50: 0 | AJ50: 469.7 | AK50: 104.97 | AL50: -2.28 | AM50: 13 | AR50: 122.49 | AS50: -964 | AW50: =AJ50+ROW(C50)/1000000 -> 469.70005 | AX50: =AD50+ROW(C50)/1000000 -> 446.81005 | AY50: =AB50+ROW(A50)/1000000 -> 169.19005 | AZ50: =AP50+ROW(A50)/1000000 -> 5e-05
A51: =VLOOKUP(L51,[1]VALIDAÇÃO!$D$13:$E$350,2,0) -> INDIRETO | B51: =C51&J51 -> 12RIO AVE SUBHOLDING INCORPORACAO LTDA | C51: =1+SUMPRODUCT(($J$2:$J$1437=J51)*($AW$2:$AW$1437>AW51)) -> 12 | D51: =E51&J51 -> 12RIO AVE SUBHOLDING INCORPORACAO LTDA | E51: =1+SUMPRODUCT(($J$2:$J$1437=$J51)*(AX$2:AX$1437>AX51)) -> 12 | F51: =G51&J51 -> 12RIO AVE SUBHOLDING INCORPORACAO LTDA | G51: =1+SUMPRODUCT(($J$2:$J$1437=$J51)*(AY$2:AY$1437>AY51)) -> 12 | H51: =I51&J51 -> 12RIO AVE SUBHOLDING INCORPORACAO LTDA | I51: =1+SUMPRODUCT(($J$2:$J$1437=$J51)*(AZ$2:AZ$1437>AZ51)) -> 12 | J51: RIO AVE SUBHOLDING INCORPORACAO LTDA | K51: ANA KARULINA GOMES DA SILVA FERREIRA | L51: Coordenador de Seguranca do Trabalho | M51: ENGENHARIA HOUSE | N51: 2587.33 | O51: 8742.98 | P51: 44881 | R51: 8742.98 | AS51: -3885.77 | AW51: =AJ51+ROW(C51)/1000000 -> 5.1e-05 | AX51: =AD51+ROW(C51)/1000000 -> 5.1e-05 | AY51: =AB51+ROW(A51)/1000000 -> 5.1e-05 | AZ51: =AP51+ROW(A51)/1000000 -> 5.1e-05
A52: =VLOOKUP(L52,[1]VALIDAÇÃO!$D$13:$E$350,2,0) -> DIRETO | B52: =C52&J52 -> 96RIO AVE CARNEIROS 01 SPE LTDA. | C52: =1+SUMPRODUCT(($J$2:$J$1437=J52)*($AW$2:$AW$1437>AW52)) -> 96 | D52: =E52&J52 -> 62RIO AVE CARNEIROS 01 SPE LTDA. | E52: =1+SUMPRODUCT(($J$2:$J$1437=$J52)*(AX$2:AX$1437>AX52)) -> 62 | F52: =G52&J52 -> 115RIO AVE CARNEIROS 01 SPE LTDA. | G52: =1+SUMPRODUCT(($J$2:$J$1437=$J52)*(AY$2:AY$1437>AY52)) -> 115 | H52: =I52&J52 -> 153RIO AVE CARNEIROS 01 SPE LTDA. | I52: =1+SUMPRODUCT(($J$2:$J$1437=$J52)*(AZ$2:AZ$1437>AZ52)) -> 153 | J52: RIO AVE CARNEIROS 01 SPE LTDA. | K52: ANA MARIA DA CONCEICAO DO NASCIMENTO | L52: Servente de Obras | M52: OBRA | N52: 1021.2 | O52: 1622.13 | P52: 45931 | R52: 1622.13 | AA52: 1.2 | AB52: 19.9 | AC52: 362.85714 | AD52: 89.73 | AE52: 930.42857 | AH52: 4.69 | AI52: 0 | AJ52: 240.86 | AK52: 54.81 | AL52: -14.61 | AM52: 111 | AR52: 27.62 | AS52: -695.2 | AW52: =AJ52+ROW(C52)/1000000 -> 240.86005 | AX52: =AD52+ROW(C52)/1000000 -> 89.730052 | AY52: =AB52+ROW(A52)/1000000 -> 19.900052 | AZ52: =AP52+ROW(A52)/1000000 -> 5.2e-05
A53: =VLOOKUP(L53,[1]VALIDAÇÃO!$D$13:$E$350,2,0) -> DIRETO | B53: =C53&J53 -> 37RESERVA DO PAIVA SPE 01 LTDA. | C53: =1+SUMPRODUCT(($J$2:$J$1437=J53)*($AW$2:$AW$1437>AW53)) -> 37 | D53: =E53&J53 -> 33RESERVA DO PAIVA SPE 01 LTDA. | E53: =1+SUMPRODUCT(($J$2:$J$1437=$J53)*(AX$2:AX$1437>AX53)) -> 33 | F53: =G53&J53 -> 36RESERVA DO PAIVA SPE 01 LTDA. | G53: =1+SUMPRODUCT(($J$2:$J$1437=$J53)*(AY$2:AY$1437>AY53)) -> 36 | H53: =I53&J53 -> 35RESERVA DO PAIVA SPE 01 LTDA. | I53: =1+SUMPRODUCT(($J$2:$J$1437=$J53)*(AZ$2:AZ$1437>AZ53)) -> 35 | J53: RESERVA DO PAIVA SPE 01 LTDA. | K53: ANA PAULA MENDES DA SILVA | L53: Servente de Obras | M53: OBRA | N53: 2014.32 | O53: 1622.13 | P53: 45839 | R53: 1622.13 | AA53: 22.64 | AB53: 302.91 | AC53: 1885.1971 | AD53: 347.31 | AE53: 2665.34 | AH53: 102.95 | AI53: 0 | AJ53: 721.2 | AK53: 158.9 | AL53: -51.24 | AM53: 389.14 | AP53: 361.86 | AQ53: 1943.1543 | AR53: 219.19 | AS53: -695.2 | AW53: =AJ53+ROW(C53)/1000000 -> 721.20005 | AX53: =AD53+ROW(C53)/1000000 -> 347.31005 | AY53: =AB53+ROW(A53)/1000000 -> 302.91005 | AZ53: =AP53+ROW(A53)/1000000 -> 361.86005
A54: =VLOOKUP(L54,[1]VALIDAÇÃO!$D$13:$E$350,2,0) -> DIRETO | B54: =C54&J54 -> 50RIO AVE 130 SPE LTDA | C54: =1+SUMPRODUCT(($J$2:$J$1437=J54)*($AW$2:$AW$1437>AW54)) -> 50 | D54: =E54&J54 -> 52RIO AVE 130 SPE LTDA | E54: =1+SUMPRODUCT(($J$2:$J$1437=$J54)*(AX$2:AX$1437>AX54)) -> 52 | F54: =G54&J54 -> 11RIO AVE 130 SPE LTDA | G54: =1+SUMPRODUCT(($J$2:$J$1437=$J54)*(AY$2:AY$1437>AY54)) -> 11 | H54: =I54&J54 -> 33RIO AVE 130 SPE LTDA | I54: =1+SUMPRODUCT(($J$2:$J$1437=$J54)*(AZ$2:AZ$1437>AZ54)) -> 33 | J54: RIO AVE 130 SPE LTDA | K54: ANDERSON CARLOS DA SILVA COUTO | L54: Eletricista | M54: OBRA | N54: 1117.2 | O54: 2310 | P54: 45462 | R54: 2310 | AA54: 0.69 | AB54: 292.37 | AC54: 982.75 | AD54: 4.88 | AE54: 16.42 | AH54: 2.73 | AI54: 0 | AJ54: 262.7 | AK54: 58.19 | AP54: 12.37 | AQ54: 35.33 | AR54: 65.93 | AS54: -695.2 | AW54: =AJ54+ROW(C54)/1000000 -> 262.70005 | AX54: =AD54+ROW(C54)/1000000 -> 4.880054 | AY54: =AB54+ROW(A54)/1000000 -> 292.37005 | AZ54: =AP54+ROW(A54)/1000000 -> 12.370054
A55: =VLOOKUP(L55,[1]VALIDAÇÃO!$D$13:$E$350,2,0) -> DIRETO | B55: =C55&J55 -> 153RIO AVE CARNEIROS 01 SPE LTDA. | C55: =1+SUMPRODUCT(($J$2:$J$1437=J55)*($AW$2:$AW$1437>AW55)) -> 153 | D55: =E55&J55 -> 111RIO AVE CARNEIROS 01 SPE LTDA. | E55: =1+SUMPRODUCT(($J$2:$J$1437=$J55)*(AX$2:AX$1437>AX55)) -> 111 | F55: =G55&J55 -> 154RIO AVE CARNEIROS 01 SPE LTDA. | G55: =1+SUMPRODUCT(($J$2:$J$1437=$J55)*(AY$2:AY$1437>AY55)) -> 154 | H55: =I55&J55 -> 152RIO AVE CARNEIROS 01 SPE LTDA. | I55: =1+SUMPRODUCT(($J$2:$J$1437=$J55)*(AZ$2:AZ$1437>AZ55)) -> 152 | J55: RIO AVE CARNEIROS 01 SPE LTDA. | K55: ANDERSON DOS SANTOS LEAO | L55: Servente de Obras | M55: OBRA | N55: 884.2 | O55: 1622.13 | P55: 45992 | R55: 1622.13 | AD55: 11.19 | AE55: 50 | AR55: 2.43 | AS55: -785.2 | AW55: =AJ55+ROW(C55)/1000000 -> 5.5e-05 | AX55: =AD55+ROW(C55)/1000000 -> 11.190055 | AY55: =AB55+ROW(A55)/1000000 -> 5.5e-05 | AZ55: =AP55+ROW(A55)/1000000 -> 5.5e-05
A56: =VLOOKUP(L56,[1]VALIDAÇÃO!$D$13:$E$350,2,0) -> INDIRETO | B56: =C56&J56 -> 152RIO AVE CARNEIROS 01 SPE LTDA. | C56: =1+SUMPRODUCT(($J$2:$J$1437=J56)*($AW$2:$AW$1437>AW56)) -> 152 | D56: =E56&J56 -> 3RIO AVE CARNEIROS 01 SPE LTDA. | E56: =1+SUMPRODUCT(($J$2:$J$1437=$J56)*(AX$2:AX$1437>AX56)) -> 3 | F56: =G56&J56 -> 85RIO AVE CARNEIROS 01 SPE LTDA. | G56: =1+SUMPRODUCT(($J$2:$J$1437=$J56)*(AY$2:AY$1437>AY56)) -> 85 | H56: =I56&J56 -> 67RIO AVE CARNEIROS 01 SPE LTDA. | I56: =1+SUMPRODUCT(($J$2:$J$1437=$J56)*(AZ$2:AZ$1437>AZ56)) -> 67 | J56: RIO AVE CARNEIROS 01 SPE LTDA. | K56: ANDERSON WANDERLEY OLIVEIRA DE LIMA | L56: Almoxarife | M56: GERAL | N56: 130.88 | O56: 3698.5 | P56: 45817 | R56: 3698.5 | AB56: 61.61 | AC56: 252.38571 | AD56: 1200.44 | AE56: 3733.1429 | AL56: -136.29 | AM56: 454 | AP56: 16.41 | AQ56: 57.142857 | AR56: 259.61 | AS56: -1585.07 | AW56: =AJ56+ROW(C56)/1000000 -> 5.6e-05 | AX56: =AD56+ROW(C56)/1000000 -> 1200.4401 | AY56: =AB56+ROW(A56)/1000000 -> 61.610056 | AZ56: =AP56+ROW(A56)/1000000 -> 16.410056
A57: =VLOOKUP(L57,[1]VALIDAÇÃO!$D$13:$E$350,2,0) -> DIRETO | B57: =C57&J57 -> 41CONDOMINIO DO EDIFICIO EMPRESARIAL MARIE CURIE | C57: =1+SUMPRODUCT(($J$2:$J$1437=J57)*($AW$2:$AW$1437>AW57)) -> 41 | D57: =E57&J57 -> 69CONDOMINIO DO EDIFICIO EMPRESARIAL MARIE CURIE | E57: =1+SUMPRODUCT(($J$2:$J$1437=$J57)*(AX$2:AX$1437>AX57)) -> 69 | F57: =G57&J57 -> 47CONDOMINIO DO EDIFICIO EMPRESARIAL MARIE CURIE | G57: =1+SUMPRODUCT(($J$2:$J$1437=$J57)*(AY$2:AY$1437>AY57)) -> 47 | H57: =I57&J57 -> 36CONDOMINIO DO EDIFICIO EMPRESARIAL MARIE CURIE | I57: =1+SUMPRODUCT(($J$2:$J$1437=$J57)*(AZ$2:AZ$1437>AZ57)) -> 36 | J57: CONDOMINIO DO EDIFICIO EMPRESARIAL MARIE CURIE | K57: ANDRE CARLOS DA SILVA | L57: Servente de Obras | M57: CONDOMINIO MARIE OBRA | N57: 1036.14 | O57: 1622.13 | P57: 45453 | R57: 1622.13 | AA57: 2.32 | AB57: 78.92 | AC57: 469.19 | AD57: 95.17 | AE57: 484.54143 | AH57: 11.16 | AI57: 0 | AJ57: 598.93 | AK57: 127.74 | AP57: 8.7 | AQ57: 33.02 | AR57: 36.15 | AS57: -695.2 | AW57: =AJ57+ROW(C57)/1000000 -> 598.93006 | AX57: =AD57+ROW(C57)/1000000 -> 95.170057 | AY57: =AB57+ROW(A57)/1000000 -> 78.920057 | AZ57: =AP57+ROW(A57)/1000000 -> 8.700057
A58: =VLOOKUP(L58,[1]VALIDAÇÃO!$D$13:$E$350,2,0) -> DIRETO | B58: =C58&J58 -> 18RIO AVE 130 SPE LTDA | C58: =1+SUMPRODUCT(($J$2:$J$1437=J58)*($AW$2:$AW$1437>AW58)) -> 18 | D58: =E58&J58 -> 37RIO AVE 130 SPE LTDA | E58: =1+SUMPRODUCT(($J$2:$J$1437=$J58)*(AX$2:AX$1437>AX58)) -> 37 | F58: =G58&J58 -> 37RIO AVE 130 SPE LTDA | G58: =1+SUMPRODUCT(($J$2:$J$1437=$J58)*(AY$2:AY$1437>AY58)) -> 37 | H58: =I58&J58 -> 23RIO AVE 130 SPE LTDA | I58: =1+SUMPRODUCT(($J$2:$J$1437=$J58)*(AZ$2:AZ$1437>AZ58)) -> 23 | J58: RIO AVE 130 SPE LTDA | K58: ANDRE PEDRO SILVA | L58: PINTOR | M58: OBRA | N58: 1572.19 | O58: 2156 | P58: 45903 | R58: 2156 | AA58: 5.5 | AB58: 122.12 | AC58: 1353.3286 | AD58: 36.1 | AE58: 400 | AH58: 23.74 | AI58: 0 | AJ58: 766.67 | AK58: 168.66 | AL58: -33.08 | AM58: 189 | AP58: 110.25 | AQ58: 315 | AR58: 61.29 | AS58: -924 | AW58: =AJ58+ROW(C58)/1000000 -> 766.67006 | AX58: =AD58+ROW(C58)/1000000 -> 36.100058 | AY58: =AB58+ROW(A58)/1000000 -> 122.12006 | AZ58: =AP58+ROW(A58)/1000000 -> 110.25006
A59: =VLOOKUP(L59,[1]VALIDAÇÃO!$D$13:$E$350,2,0) -> DIRETO | B59: =C59&J59 -> 23RIO AVE 130 SPE LTDA | C59: =1+SUMPRODUCT(($J$2:$J$1437=J59)*($AW$2:$AW$1437>AW59)) -> 23 | D59: =E59&J59 -> 36RIO AVE 130 SPE LTDA | E59: =1+SUMPRODUCT(($J$2:$J$1437=$J59)*(AX$2:AX$1437>AX59)) -> 36 | F59: =G59&J59 -> 32RIO AVE 130 SPE LTDA | G59: =1+SUMPRODUCT(($J$2:$J$1437=$J59)*(AY$2:AY$1437>AY59)) -> 32 | H59: =I59&J59 -> 15RIO AVE 130 SPE LTDA | I59: =1+SUMPRODUCT(($J$2:$J$1437=$J59)*(AZ$2:AZ$1437>AZ59)) -> 15 | J59: RIO AVE 130 SPE LTDA | K59: ANDRE RAMOS DA SILVA | L59: Pintor | M59: OBRA | N59: 152.96 | O59: 2156 | P59: 45945 | R59: 2156 | AA59: 7.97 | AB59: 151.64 | AC59: 964.85714 | AD59: 41.6 | AE59: 398.14286 | AH59: 33.25 | AI59: 0 | AJ59: 696.25 | AK59: 159.73 | AL59: -68.25 | AM59: 390 | AP59: 146.96 | AQ59: 616.71429 | AR59: 81.89 | AS59: -924 | AW59: =AJ59+ROW(C59)/1000000 -> 696.25006 | AX59: =AD59+ROW(C59)/1000000 -> 41.600059 | AY59: =AB59+ROW(A59)/1000000 -> 151.64006 | AZ59: =AP59+ROW(A59)/1000000 -> 146.96006
A60: =VLOOKUP(L60,[1]VALIDAÇÃO!$D$13:$E$350,2,0) -> DIRETO | B60: =C60&J60 -> 55CONDOMINIO DO EDIFICIO EMPRESARIAL MARIE CURIE | C60: =1+SUMPRODUCT(($J$2:$J$1437=J60)*($AW$2:$AW$1437>AW60)) -> 55 | D60: =E60&J60 -> 106CONDOMINIO DO EDIFICIO EMPRESARIAL MARIE CURIE | E60: =1+SUMPRODUCT(($J$2:$J$1437=$J60)*(AX$2:AX$1437>AX60)) -> 106 | F60: =G60&J60 -> 32CONDOMINIO DO EDIFICIO EMPRESARIAL MARIE CURIE | G60: =1+SUMPRODUCT(($J$2:$J$1437=$J60)*(AY$2:AY$1437>AY60)) -> 32 | H60: =I60&J60 -> 19CONDOMINIO DO EDIFICIO EMPRESARIAL MARIE CURIE | I60: =1+SUMPRODUCT(($J$2:$J$1437=$J60)*(AZ$2:AZ$1437>AZ60)) -> 19 | J60: CONDOMINIO DO EDIFICIO EMPRESARIAL MARIE CURIE | K60: ANDRECIO ANTONIO DE LIMA | L60: Servente de Obras | M60: CONDOMINIO MARIE OBRA | N60: 1241.89 | O60: 1622.13 | P60: 45810 | R60: 1622.13 | AA60: 4.04 | AB60: 133.71 | AC60: 750.29 | AD60: 15.94 | AE60: 148.85714 | AH60: 17.7 | AI60: 0 | AJ60: 478.2 | AK60: 100.4 | AP60: 128.82 | AQ60: 489.19 | AR60: 63.36 | AS60: -695.2 | AW60: =AJ60+ROW(C60)/1000000 -> 478.20006 | AX60: =AD60+ROW(C60)/1000000 -> 15.94006 | AY60: =AB60+ROW(A60)/1000000 -> 133.71006 | AZ60: =AP60+ROW(A60)/1000000 -> 128.82006
A61: =VLOOKUP(L61,[1]VALIDAÇÃO!$D$13:$E$350,2,0) -> INDIRETO | B61: =C61&J61 -> 164RESERVA DO PAIVA SPE 03 LTDA | C61: =1+SUMPRODUCT(($J$2:$J$1437=J61)*($AW$2:$AW$1437>AW61)) -> 164 | D61: =E61&J61 -> 9RESERVA DO PAIVA SPE 03 LTDA | E61: =1+SUMPRODUCT(($J$2:$J$1437=$J61)*(AX$2:AX$1437>AX61)) -> 9 | F61: =G61&J61 -> 18RESERVA DO PAIVA SPE 03 LTDA | G61: =1+SUMPRODUCT(($J$2:$J$1437=$J61)*(AY$2:AY$1437>AY61)) -> 18 | H61: =I61&J61 -> 41RESERVA DO PAIVA SPE 03 LTDA | I61: =1+SUMPRODUCT(($J$2:$J$1437=$J61)*(AZ$2:AZ$1437>AZ61)) -> 41 | J61: RESERVA DO PAIVA SPE 03 LTDA | K61: ANDRESSA CASSIA SALES COSTA BELEM | L61: Tecnico em Seguranca do Trabalho | M61: GERAL | N61: 1896.25 | O61: 2943.67 | P61: 45791 | R61: 2943.67 | W61: 0.64 | X61: 17.48 | AB61: 338.54 | AC61: 1126.3843 | AD61: 1007.66 | AE61: 3398.17 | AL61: -11.75 | AM61: 49.17 | AP61: 134.59 | AQ61: 524.82857 | AR61: 332.23 | AS61: -1261.57 | AW61: =AJ61+ROW(C61)/1000000 -> 6.1e-05 | AX61: =AD61+ROW(C61)/1000000 -> 1007.6601 | AY61: =AB61+ROW(A61)/1000000 -> 338.54006 | AZ61: =AP61+ROW(A61)/1000000 -> 134.59006
A62: =VLOOKUP(L62,[1]VALIDAÇÃO!$D$13:$E$350,2,0) -> INDIRETO | B62: =C62&J62 -> 28RIO AVE PRAIA HOTEL SPE LTDA. | C62: =1+SUMPRODUCT(($J$2:$J$1437=J62)*($AW$2:$AW$1437>AW62)) -> 28 | D62: =E62&J62 -> 28RIO AVE PRAIA HOTEL SPE LTDA. | E62: =1+SUMPRODUCT(($J$2:$J$1437=$J62)*(AX$2:AX$1437>AX62)) -> 28 | F62: =G62&J62 -> 28RIO AVE PRAIA HOTEL SPE LTDA. | G62: =1+SUMPRODUCT(($J$2:$J$1437=$J62)*(AY$2:AY$1437>AY62)) -> 28 | H62: =I62&J62 -> 28RIO AVE PRAIA HOTEL SPE LTDA. | I62: =1+SUMPRODUCT(($J$2:$J$1437=$J62)*(AZ$2:AZ$1437>AZ62)) -> 28 | J62: RIO AVE PRAIA HOTEL SPE LTDA. | K62: ANDREYNA DEYVINA FERREIRA COSTA | L62: Aprendiz Administrativo | M62: Tomador | N62: 269.86 | O62: 641.69 | P62: 45628 | R62: 641.69 | AS62: -285.2 | AW62: =AJ62+ROW(C62)/1000000 -> 6.2e-05 | AX62: =AD62+ROW(C62)/1000000 -> 6.2e-05 | AY62: =AB62+ROW(A62)/1000000 -> 6.2e-05 | AZ62: =AP62+ROW(A62)/1000000 -> 6.2e-05
A63: =VLOOKUP(L63,[1]VALIDAÇÃO!$D$13:$E$350,2,0) -> DIRETO | B63: =C63&J63 -> 100CONDOMINIO DO EDIFICIO EMPRESARIAL MARIE CURIE | C63: =1+SUMPRODUCT(($J$2:$J$1437=J63)*($AW$2:$AW$1437>AW63)) -> 100 | D63: =E63&J63 -> 36CONDOMINIO DO EDIFICIO EMPRESARIAL MARIE CURIE | E63: =1+SUMPRODUCT(($J$2:$J$1437=$J63)*(AX$2:AX$1437>AX63)) -> 36 | F63: =G63&J63 -> 125CONDOMINIO DO EDIFICIO EMPRESARIAL MARIE CURIE | G63: =1+SUMPRODUCT(($J$2:$J$1437=$J63)*(AY$2:AY$1437>AY63)) -> 125 | H63: =I63&J63 -> 120CONDOMINIO DO EDIFICIO EMPRESARIAL MARIE CURIE | I63: =1+SUMPRODUCT(($J$2:$J$1437=$J63)*(AZ$2:AZ$1437>AZ63)) -> 120 | J63: CONDOMINIO DO EDIFICIO EMPRESARIAL MARIE CURIE | K63: ANTONIO ALVES DA SILVA NETO | L63: Encanador | M63: CONDOMINIO MARIE OBRA | N63: 1196.01 | O63: 2156 | P63: 45992 | R63: 2156 | AA63: 1.4 | AD63: 213.07 | AE63: 716.19 | AH63: 6.43 | AI63: 0 | AJ63: 169.23 | AK63: 36.79 | AL63: -52.53 | AM63: 300.19 | AR63: 46.32 | AS63: -924 | AW63: =AJ63+ROW(C63)/1000000 -> 169.23006 | AX63: =AD63+ROW(C63)/1000000 -> 213.07006 | AY63: =AB63+ROW(A63)/1000000 -> 6.3e-05 | AZ63: =AP63+ROW(A63)/1000000 -> 6.3e-05
A64: =VLOOKUP(L64,[1]VALIDAÇÃO!$D$13:$E$350,2,0) -> DIRETO | B64: =C64&J64 -> 13RIO AVE 130 SPE LTDA | C64: =1+SUMPRODUCT(($J$2:$J$1437=J64)*($AW$2:$AW$1437>AW64)) -> 13 | D64: =E64&J64 -> 47RIO AVE 130 SPE LTDA | E64: =1+SUMPRODUCT(($J$2:$J$1437=$J64)*(AX$2:AX$1437>AX64)) -> 47 | F64: =G64&J64 -> 21RIO AVE 130 SPE LTDA | G64: =1+SUMPRODUCT(($J$2:$J$1437=$J64)*(AY$2:AY$1437>AY64)) -> 21 | H64: =I64&J64 -> 11RIO AVE 130 SPE LTDA | I64: =1+SUMPRODUCT(($J$2:$J$1437=$J64)*(AZ$2:AZ$1437>AZ64)) -> 11 | J64: RIO AVE 130 SPE LTDA | K64: ANTONIO AMARO LINO | L64: Pintor | M64: OBRA | N64: 1856.98 | O64: 2156 | P64: 45840 | R64: 2156 | AA64: 8.49 | AB64: 225.52 | AC64: 1224.8571 | AD64: 12.45 | AE64: 84.428571 | AH64: 38.5 | AI64: 0 | AJ64: 857.6 | AK64: 186.1 | AL64: -10.33 | AM64: 59 | AP64: 162.31 | AQ64: 601.42857 | AR64: 87.72 | AS64: -924 | AW64: =AJ64+ROW(C64)/1000000 -> 857.60006 | AX64: =AD64+ROW(C64)/1000000 -> 12.450064 | AY64: =AB64+ROW(A64)/1000000 -> 225.52006 | AZ64: =AP64+ROW(A64)/1000000 -> 162.31006
A65: =VLOOKUP(L65,[1]VALIDAÇÃO!$D$13:$E$350,2,0) -> DIRETO | B65: =C65&J65 -> 49RIO AVE CARNEIROS 01 SPE LTDA. | C65: =1+SUMPRODUCT(($J$2:$J$1437=J65)*($AW$2:$AW$1437>AW65)) -> 49 | D65: =E65&J65 -> 141RIO AVE CARNEIROS 01 SPE LTDA. | E65: =1+SUMPRODUCT(($J$2:$J$1437=$J65)*(AX$2:AX$1437>AX65)) -> 141 | F65: =G65&J65 -> 50RIO AVE CARNEIROS 01 SPE LTDA. | G65: =1+SUMPRODUCT(($J$2:$J$1437=$J65)*(AY$2:AY$1437>AY65)) -> 50 | H65: =I65&J65 -> 21RIO AVE CARNEIROS 01 SPE LTDA. | I65: =1+SUMPRODUCT(($J$2:$J$1437=$J65)*(AZ$2:AZ$1437>AZ65)) -> 21 | J65: RIO AVE CARNEIROS 01 SPE LTDA. | K65: ANTONIO ELEOTERIO DA SILVA | L65: Pedreiro | M65: OBRA | N65: 1406.54 | O65: 2156 | P65: 45828 | R65: 2156 | AA65: 1.19 | AB65: 115.31 | AC65: 922.85714 | AD65: 0.66 | AE65: 5.2428571 | AH65: 5.18 | AI65: 0 | AJ65: 444.72 | AK65: 97.47 | AP65: 51.28 | AQ65: 348.81429 | AR65: 37.72 | AS65: -924 | AW65: =AJ65+ROW(C65)/1000000 -> 444.72006 | AX65: =AD65+ROW(C65)/1000000 -> 0.660065 | AY65: =AB65+ROW(A65)/1000000 -> 115.31007 | AZ65: =AP65+ROW(A65)/1000000 -> 51.280065
A66: =VLOOKUP(L66,[1]VALIDAÇÃO!$D$13:$E$350,2,0) -> DIRETO | B66: =C66&J66 -> 86CONDOMINIO DO EDIFICIO EMPRESARIAL MARIE CURIE | C66: =1+SUMPRODUCT(($J$2:$J$1437=J66)*($AW$2:$AW$1437>AW66)) -> 86 | D66: =E66&J66 -> 29CONDOMINIO DO EDIFICIO EMPRESARIAL MARIE CURIE | E66: =1+SUMPRODUCT(($J$2:$J$1437=$J66)*(AX$2:AX$1437>AX66)) -> 29 | F66: =G66&J66 -> 34CONDOMINIO DO EDIFICIO EMPRESARIAL MARIE CURIE | G66: =1+SUMPRODUCT(($J$2:$J$1437=$J66)*(AY$2:AY$1437>AY66)) -> 34 | H66: =I66&J66 -> 26CONDOMINIO DO EDIFICIO EMPRESARIAL MARIE CURIE | I66: =1+SUMPRODUCT(($J$2:$J$1437=$J66)*(AZ$2:AZ$1437>AZ66)) -> 26 | J66: CONDOMINIO DO EDIFICIO EMPRESARIAL MARIE CURIE | K66: ANTONIO ERNESTO DE LIMA MARINHO | L66: Servente de Obras | M66: CONDOMINIO MARIE OBRA | N66: 259.75 | O66: 1622.13 | P66: 45874 | R66: 1622.13 | AA66: 2.94 | AB66: 129.07 | AC66: 987.21429 | AD66: 258.8 | AE66: 2016.1429 | AH66: 14.23 | AI66: 0 | AJ66: 214.85 | AK66: 45.85 | AP66: 24.04 | AQ66: 252.5 | AR66: 85.4 | AS66: -695.2 | AW66: =AJ66+ROW(C66)/1000000 -> 214.85007 | AX66: =AD66+ROW(C66)/1000000 -> 258.80007 | AY66: =AB66+ROW(A66)/1000000 -> 129.07007 | AZ66: =AP66+ROW(A66)/1000000 -> 24.040066
A67: =VLOOKUP(L67,[1]VALIDAÇÃO!$D$13:$E$350,2,0) -> DIRETO | B67: =C67&J67 -> 105RESERVA DO PAIVA SPE 03 LTDA | C67: =1+SUMPRODUCT(($J$2:$J$1437=J67)*($AW$2:$AW$1437>AW67)) -> 105 | D67: =E67&J67 -> 112RESERVA DO PAIVA SPE 03 LTDA | E67: =1+SUMPRODUCT(($J$2:$J$1437=$J67)*(AX$2:AX$1437>AX67)) -> 112 | F67: =G67&J67 -> 163RESERVA DO PAIVA SPE 03 LTDA | G67: =1+SUMPRODUCT(($J$2:$J$1437=$J67)*(AY$2:AY$1437>AY67)) -> 163 | H67: =I67&J67 -> 158RESERVA DO PAIVA SPE 03 LTDA | I67: =1+SUMPRODUCT(($J$2:$J$1437=$J67)*(AZ$2:AZ$1437>AZ67)) -> 158 | J67: RESERVA DO PAIVA SPE 03 LTDA | K67: ANTONIO JOSE DA SILVA FILHO | L67: Encanador | M67: OBRA | N67: 883.26 | O67: 2156 | P67: 45810 | R67: 2156 | AA67: 0.15 | AD67: 95.8 | AE67: 411.28429 | AH67: 0.67 | AI67: 0 | AJ67: 110.29 | AK67: 25.68 | AL67: -73.53 | AM67: 420.17 | AR67: 20.67 | AS67: -924 | AW67: =AJ67+ROW(C67)/1000000 -> 110.29007 | AX67: =AD67+ROW(C67)/1000000 -> 95.800067 | AY67: =AB67+ROW(A67)/1000000 -> 6.7e-05 | AZ67: =AP67+ROW(A67)/1000000 -> 6.7e-05
A68: =VLOOKUP(L68,[1]VALIDAÇÃO!$D$13:$E$350,2,0) -> DIRETO | B68: =C68&J68 -> 81CONDOMINIO DO EDIFICIO EMPRESARIAL MARIE CURIE | C68: =1+SUMPRODUCT(($J$2:$J$1437=J68)*($AW$2:$AW$1437>AW68)) -> 81 | D68: =E68&J68 -> 41CONDOMINIO DO EDIFICIO EMPRESARIAL MARIE CURIE | E68: =1+SUMPRODUCT(($J$2:$J$1437=$J68)*(AX$2:AX$1437>AX68)) -> 41 | F68: =G68&J68 -> 57CONDOMINIO DO EDIFICIO EMPRESARIAL MARIE CURIE | G68: =1+SUMPRODUCT(($J$2:$J$1437=$J68)*(AY$2:AY$1437>AY68)) -> 57 | H68: =I68&J68 -> 35CONDOMINIO DO EDIFICIO EMPRESARIAL MARIE CURIE | I68: =1+SUMPRODUCT(($J$2:$J$1437=$J68)*(AZ$2:AZ$1437>AZ68)) -> 35 | J68: CONDOMINIO DO EDIFICIO EMPRESARIAL MARIE CURIE | K68: ANTONIO JOSE DO NASCIMENTO | L68: Auxiliar de Encanador | M68: CONDOMINIO MARIE OBRA | N68: 987.24 | O68: 1622.13 | P68: 45726 | R68: 1622.13 | AA68: 1.83 | AB68: 54.73 | AC68: 374.27143 | AD68: 193.37 | AE68: 950.38571 | AH68: 8.46 | AI68: 0 | AJ68: 256.47 | AK68: 55.91 | AP68: 8.71 | AQ68: 50.628571 | AR68: 53.57 | AS68: -695.2 | AW68: =AJ68+ROW(C68)/1000000 -> 256.47007 | AX68: =AD68+ROW(C68)/1000000 -> 193.37007 | AY68: =AB68+ROW(A68)/1000000 -> 54.730068 | AZ68: =AP68+ROW(A68)/1000000 -> 8.710068
A69: =VLOOKUP(L69,[1]VALIDAÇÃO!$D$13:$E$350,2,0) -> DIRETO | B69: =C69&J69 -> 27RESERVA DO PAIVA SPE 01 LTDA. | C69: =1+SUMPRODUCT(($J$2:$J$1437=J69)*($AW$2:$AW$1437>AW69)) -> 27 | D69: =E69&J69 -> 16RESERVA DO PAIVA SPE 01 LTDA. | E69: =1+SUMPRODUCT(($J$2:$J$1437=$J69)*(AX$2:AX$1437>AX69)) -> 16 | F69: =G69&J69 -> 13RESERVA DO PAIVA SPE 01 LTDA. | G69: =1+SUMPRODUCT(($J$2:$J$1437=$J69)*(AY$2:AY$1437>AY69)) -> 13 | H69: =I69&J69 -> 8RESERVA DO PAIVA SPE 01 LTDA. | I69: =1+SUMPRODUCT(($J$2:$J$1437=$J69)*(AZ$2:AZ$1437>AZ69)) -> 8 | J69: RESERVA DO PAIVA SPE 01 LTDA. | K69: ANTONIO RIBEIRO GONCALVES | L69: Auxiliar de Eletricista | M69: OBRA | N69: 2092.16 | O69: 1622.13 | P69: 45488 | R69: 1622.13 | AA69: 45.21 | AB69: 471.85 | AC69: 2340.58 | AD69: 723.9 | AE69: 3483.1386 | AH69: 204.05 | AI69: 0 | AJ69: 828.8 | AK69: 181.2 | AP69: 858.82 | AQ69: 3300.7643 | AR69: 455.55 | AS69: -695.2 | AW69: =AJ69+ROW(C69)/1000000 -> 828.80007 | AX69: =AD69+ROW(C69)/1000000 -> 723.90007 | AY69: =AB69+ROW(A69)/1000000 -> 471.85007 | AZ69: =AP69+ROW(A69)/1000000 -> 858.82007
A70: =VLOOKUP(L70,[1]VALIDAÇÃO!$D$13:$E$350,2,0) -> DIRETO | B70: =C70&J70 -> 127RESERVA DO PAIVA SPE 03 LTDA | C70: =1+SUMPRODUCT(($J$2:$J$1437=J70)*($AW$2:$AW$1437>AW70)) -> 127 | D70: =E70&J70 -> 106RESERVA DO PAIVA SPE 03 LTDA | E70: =1+SUMPRODUCT(($J$2:$J$1437=$J70)*(AX$2:AX$1437>AX70)) -> 106 | F70: =G70&J70 -> 104RESERVA DO PAIVA SPE 03 LTDA | G70: =1+SUMPRODUCT(($J$2:$J$1437=$J70)*(AY$2:AY$1437>AY70)) -> 104 | H70: =I70&J70 -> 157RESERVA DO PAIVA SPE 03 LTDA | I70: =1+SUMPRODUCT(($J$2:$J$1437=$J70)*(AZ$2:AZ$1437>AZ70)) -> 157 | J70: RESERVA DO PAIVA SPE 03 LTDA | K70: ARCELAN RODRIGUES LIRA JUNIOR | L70: Servente de Obras | M70: OBRA | N70: 287.02 | O70: 1622.13 | P70: 45873 | R70: 1622.13 | AA70: 0.1 | AB70: 41.34 | AC70: 510.71429 | AD70: 109.63 | AE70: 1089.6429 | AH70: 0.62 | AI70: 0 | AJ70: 13.66 | AK70: 2.17 | AN70: -231.73 | AO70: 4 | AR70: 33.88 | AS70: -695.2 | AT70: -173.8 | AU70: 3 | AW70: =AJ70+ROW(C70)/1000000 -> 13.66007 | AX70: =AD70+ROW(C70)/1000000 -> 109.63007 | AY70: =AB70+ROW(A70)/1000000 -> 41.34007 | AZ70: =AP70+ROW(A70)/1000000 -> 7e-05
A71: =VLOOKUP(L71,[1]VALIDAÇÃO!$D$13:$E$350,2,0) -> DIRETO | B71: =C71&J71 -> 31RESERVA DO PAIVA SPE 01 LTDA. | C71: =1+SUMPRODUCT(($J$2:$J$1437=J71)*($AW$2:$AW$1437>AW71)) -> 31 | D71: =E71&J71 -> 54RESERVA DO PAIVA SPE 01 LTDA. | E71: =1+SUMPRODUCT(($J$2:$J$1437=$J71)*(AX$2:AX$1437>AX71)) -> 54 | F71: =G71&J71 -> 37RESERVA DO PAIVA SPE 01 LTDA. | G71: =1+SUMPRODUCT(($J$2:$J$1437=$J71)*(AY$2:AY$1437>AY71)) -> 37 | H71: =I71&J71 -> 13RESERVA DO PAIVA SPE 01 LTDA. | I71: =1+SUMPRODUCT(($J$2:$J$1437=$J71)*(AZ$2:AZ$1437>AZ71)) -> 13 | J71: RESERVA DO PAIVA SPE 01 LTDA. | K71: ARLINDO JOSE DOS SANTOS | L71: Marceneiro | M71: OBRA | N71: 2782.3 | O71: 2156 | P71: 45972 | R71: 2156 | AA71: 25.13 | AB71: 292.74 | AC71: 984 | AD71: 118.59 | AE71: 446.6 | AH71: 114.84 | AI71: 0 | AJ71: 776.67 | AK71: 171.94 | AP71: 602.91 | AQ71: 2930.6 | AR71: 230.62 | AS71: -924 | AW71: =AJ71+ROW(C71)/1000000 -> 776.67007 | AX71: =AD71+ROW(C71)/1000000 -> 118.59007 | AY71: =AB71+ROW(A71)/1000000 -> 292.74007 | AZ71: =AP71+ROW(A71)/1000000 -> 602.91007
A72: =VLOOKUP(L72,[1]VALIDAÇÃO!$D$13:$E$350,2,0) -> DIRETO | B72: =C72&J72 -> 27RESERVA DO PAIVA SPE 03 LTDA | C72: =1+SUMPRODUCT(($J$2:$J$1437=J72)*($AW$2:$AW$1437>AW72)) -> 27 | D72: =E72&J72 -> 103RESERVA DO PAIVA SPE 03 LTDA | E72: =1+SUMPRODUCT(($J$2:$J$1437=$J72)*(AX$2:AX$1437>AX72)) -> 103 | F72: =G72&J72 -> 94RESERVA DO PAIVA SPE 03 LTDA | G72: =1+SUMPRODUCT(($J$2:$J$1437=$J72)*(AY$2:AY$1437>AY72)) -> 94 | H72: =I72&J72 -> 156RESERVA DO PAIVA SPE 03 LTDA | I72: =1+SUMPRODUCT(($J$2:$J$1437=$J72)*(AZ$2:AZ$1437>AZ72)) -> 156 | J72: RESERVA DO PAIVA SPE 03 LTDA | K72: ARLINDO JOSE DOS SANTOS | L72: Pedreiro | M72: OBRA | N72: 1416.88 | O72: 2156 | P72: 45903 | R72: 2156 | AA72: 2.09 | AB72: 62.74 | AC72: 695.24286 | AD72: 131.49 | AE72: 1121.7143 | AH72: 8.94 | AI72: 0 | AJ72: 482.49 | AK72: 114.6 | AR72: 42.96 | AS72: -924 | AW72: =AJ72+ROW(C72)/1000000 -> 482.49007 | AX72: =AD72+ROW(C72)/1000000 -> 131.49007 | AY72: =AB72+ROW(A72)/1000000 -> 62.740072 | AZ72: =AP72+ROW(A72)/1000000 -> 7.2e-05
A73: =VLOOKUP(L73,[1]VALIDAÇÃO!$D$13:$E$350,2,0) -> DIRETO | B73: =C73&J73 -> 40RESERVA DO PAIVA SPE 01 LTDA. | C73: =1+SUMPRODUCT(($J$2:$J$1437=J73)*($AW$2:$AW$1437>AW73)) -> 40 | D73: =E73&J73 -> 46RESERVA DO PAIVA SPE 01 LTDA. | E73: =1+SUMPRODUCT(($J$2:$J$1437=$J73)*(AX$2:AX$1437>AX73)) -> 46 | F73: =G73&J73 -> 33RESERVA DO PAIVA SPE 01 LTDA. | G73: =1+SUMPRODUCT(($J$2:$J$1437=$J73)*(AY$2:AY$1437>AY73)) -> 33 | H73: =I73&J73 -> 37RESERVA DO PAIVA SPE 01 LTDA. | I73: =1+SUMPRODUCT(($J$2:$J$1437=$J73)*(AZ$2:AZ$1437>AZ73)) -> 37 | J73: RESERVA DO PAIVA SPE 01 LTDA. | K73: ARTHUR ALVES DE BARROS SILVA | L73: Servente de Obras | M73: OBRA | N73: 2047.38 | O73: 1622.13 | P73: 45890 | R73: 1622.13 | AA73: 21.71 | AB73: 315.83 | AC73: 2132 | AD73: 169.48 | AE73: 1382.1429 | AH73: 98.93 | AI73: 0 | AJ73: 706.17 | AK73: 155.2 | AP73: 355.43 | AQ73: 2040.4286 | AR73: 185.53 | AS73: -695.2 | AW73: =AJ73+ROW(C73)/1000000 -> 706.17007 | AX73: =AD73+ROW(C73)/1000000 -> 169.48007 | AY73: =AB73+ROW(A73)/1000000 -> 315.83007 | AZ73: =AP73+ROW(A73)/1000000 -> 355.43007
A74: =VLOOKUP(L74,[1]VALIDAÇÃO!$D$13:$E$350,2,0) -> DIRETO | B74: =C74&J74 -> 96RESERVA DO PAIVA SPE 03 LTDA | C74: =1+SUMPRODUCT(($J$2:$J$1437=J74)*($AW$2:$AW$1437>AW74)) -> 96 | D74: =E74&J74 -> 38RESERVA DO PAIVA SPE 03 LTDA | E74: =1+SUMPRODUCT(($J$2:$J$1437=$J74)*(AX$2:AX$1437>AX74)) -> 38 | F74: =G74&J74 -> 57RESERVA DO PAIVA SPE 03 LTDA | G74: =1+SUMPRODUCT(($J$2:$J$1437=$J74)*(AY$2:AY$1437>AY74)) -> 57 | H74: =I74&J74 -> 10RESERVA DO PAIVA SPE 03 LTDA | I74: =1+SUMPRODUCT(($J$2:$J$1437=$J74)*(AZ$2:AZ$1437>AZ74)) -> 10 | J74: RESERVA DO PAIVA SPE 03 LTDA | K74: ASAFE BERGOME GOMES DA SILVA | L74: Servente de Obras | M74: OBRA | N74: 1954.1 | O74: 1622.13 | P74: 45964 | R74: 1622.13 | AA74: 6.07 | AB74: 147.91 | AC74: 1324.8 | AD74: 392.93 | AE74: 3052.8 | AH74: 27.41 | AI74: 0 | AJ74: 142.63 | AK74: 32.08 | AP74: 521.82 | AQ74: 2489.6 | AR74: 237.36 | AS74: -695.2 | AW74: =AJ74+ROW(C74)/1000000 -> 142.63007 | AX74: =AD74+ROW(C74)/1000000 -> 392.93007 | AY74: =AB74+ROW(A74)/1000000 -> 147.91007 | AZ74: =AP74+ROW(A74)/1000000 -> 521.82007
A75: =VLOOKUP(L75,[1]VALIDAÇÃO!$D$13:$E$350,2,0) -> DIRETO | B75: =C75&J75 -> 30RIO AVE 200 SPE LTDA. | C75: =1+SUMPRODUCT(($J$2:$J$1437=J75)*($AW$2:$AW$1437>AW75)) -> 30 | D75: =E75&J75 -> 18RIO AVE 200 SPE LTDA. | E75: =1+SUMPRODUCT(($J$2:$J$1437=$J75)*(AX$2:AX$1437>AX75)) -> 18 | F75: =G75&J75 -> 6RIO AVE 200 SPE LTDA. | G75: =1+SUMPRODUCT(($J$2:$J$1437=$J75)*(AY$2:AY$1437>AY75)) -> 6 | H75: =I75&J75 -> 6RIO AVE 200 SPE LTDA. | I75: =1+SUMPRODUCT(($J$2:$J$1437=$J75)*(AZ$2:AZ$1437>AZ75)) -> 6 | J75: RIO AVE 200 SPE LTDA. | K75: AULYDON ALVES DE CASTRO LOPES | L75: Servente de Obras | M75: OBRA | N75: 1665.86 | O75: 1622.13 | P75: 45848 | R75: 1622.13 | AA75: 7.74 | AB75: 189.28 | AC75: 1350.5714 | AD75: 202.23 | AE75: 1582.2857 | AH75: 35.34 | AI75: 0 | AJ75: 495.59 | AK75: 108.68 | AP75: 125.9 | AQ75: 558.28571 | AR75: 110.72 | AS75: -795.2 | AW75: =AJ75+ROW(C75)/1000000 -> 495.59008 | AX75: =AD75+ROW(C75)/1000000 -> 202.23008 | AY75: =AB75+ROW(A75)/1000000 -> 189.28008 | AZ75: =AP75+ROW(A75)/1000000 -> 125.90007
A76: =VLOOKUP(L76,[1]VALIDAÇÃO!$D$13:$E$350,2,0) -> DIRETO | B76: =C76&J76 -> 80RESERVA DO PAIVA SPE 01 LTDA. | C76: =1+SUMPRODUCT(($J$2:$J$1437=J76)*($AW$2:$AW$1437>AW76)) -> 80 | D76: =E76&J76 -> 80RESERVA DO PAIVA SPE 01 LTDA. | E76: =1+SUMPRODUCT(($J$2:$J$1437=$J76)*(AX$2:AX$1437>AX76)) -> 80 | F76: =G76&J76 -> 80RESERVA DO PAIVA SPE 01 LTDA. | G76: =1+SUMPRODUCT(($J$2:$J$1437=$J76)*(AY$2:AY$1437>AY76)) -> 80 | H76: =I76&J76 -> 80RESERVA DO PAIVA SPE 01 LTDA. | I76: =1+SUMPRODUCT(($J$2:$J$1437=$J76)*(AZ$2:AZ$1437>AZ76)) -> 80 | J76: RESERVA DO PAIVA SPE 01 LTDA. | K76: AVENIL ANTONIO DA SILVA | L76: Armador de Estrutura de Concreto | M76: OBRA | N76: 0 | P76: 44942 | AW76: =AJ76+ROW(C76)/1000000 -> 7.6e-05 | AX76: =AD76+ROW(C76)/1000000 -> 7.6e-05 | AY76: =AB76+ROW(A76)/1000000 -> 7.6e-05 | AZ76: =AP76+ROW(A76)/1000000 -> 7.6e-05
A77: =VLOOKUP(L77,[1]VALIDAÇÃO!$D$13:$E$350,2,0) -> INDIRETO | B77: =C77&J77 -> 163RESERVA DO PAIVA SPE 03 LTDA | C77: =1+SUMPRODUCT(($J$2:$J$1437=J77)*($AW$2:$AW$1437>AW77)) -> 163 | D77: =E77&J77 -> 164RESERVA DO PAIVA SPE 03 LTDA | E77: =1+SUMPRODUCT(($J$2:$J$1437=$J77)*(AX$2:AX$1437>AX77)) -> 164 | F77: =G77&J77 -> 162RESERVA DO PAIVA SPE 03 LTDA | G77: =1+SUMPRODUCT(($J$2:$J$1437=$J77)*(AY$2:AY$1437>AY77)) -> 162 | H77: =I77&J77 -> 155RESERVA DO PAIVA SPE 03 LTDA | I77: =1+SUMPRODUCT(($J$2:$J$1437=$J77)*(AZ$2:AZ$1437>AZ77)) -> 155 | J77: RESERVA DO PAIVA SPE 03 LTDA | K77: BENEDITO EDUARDO DA SILVA | L77: Mestre de Obra II | M77: GERAL | N77: 4042.46 | O77: 7972.48 | P77: 45516 | R77: 7972.48 | AS77: -3416.78 | AW77: =AJ77+ROW(C77)/1000000 -> 7.7e-05 | AX77: =AD77+ROW(C77)/1000000 -> 7.7e-05 | AY77: =AB77+ROW(A77)/1000000 -> 7.7e-05 | AZ77: =AP77+ROW(A77)/1000000 -> 7.7e-05
A78: =VLOOKUP(L78,[1]VALIDAÇÃO!$D$13:$E$350,2,0) -> INDIRETO | B78: =C78&J78 -> 126CONDOMINIO DO EDIFICIO EMPRESARIAL MARIE CURIE | C78: =1+SUMPRODUCT(($J$2:$J$1437=J78)*($AW$2:$AW$1437>AW78)) -> 126 | D78: =E78&J78 -> 34CONDOMINIO DO EDIFICIO EMPRESARIAL MARIE CURIE | E78: =1+SUMPRODUCT(($J$2:$J$1437=$J78)*(AX$2:AX$1437>AX78)) -> 34 | F78: =G78&J78 -> 28CONDOMINIO DO EDIFICIO EMPRESARIAL MARIE CURIE | G78: =1+SUMPRODUCT(($J$2:$J$1437=$J78)*(AY$2:AY$1437>AY78)) -> 28 | H78: =I78&J78 -> 119CONDOMINIO DO EDIFICIO EMPRESARIAL MARIE CURIE | I78: =1+SUMPRODUCT(($J$2:$J$1437=$J78)*(AZ$2:AZ$1437>AZ78)) -> 119 | J78: CONDOMINIO DO EDIFICIO EMPRESARIAL MARIE CURIE | K78: BLENO AGUIAR CRUZ | L78: Auxiliar de Engenharia Civil | M78: CONDOMINIO MARIE OBRA | N78: 1910.88 | O78: 2943.68 | P78: 45873 | R78: 2943.68 | AB78: 145.54 | AC78: 640.89 | AD78: 227.03 | AE78: 862.10429 | AR78: 79.38 | AS78: -1261.58 | AW78: =AJ78+ROW(C78)/1000000 -> 7.8e-05 | AX78: =AD78+ROW(C78)/1000000 -> 227.03008 | AY78: =AB78+ROW(A78)/1000000 -> 145.54008 | AZ78: =AP78+ROW(A78)/1000000 -> 7.8e-05
A79: =VLOOKUP(L79,[1]VALIDAÇÃO!$D$13:$E$350,2,0) -> INDIRETO | B79: =C79&J79 -> 130RIO AVE CARNEIROS 01 SPE LTDA. | C79: =1+SUMPRODUCT(($J$2:$J$1437=J79)*($AW$2:$AW$1437>AW79)) -> 130 | D79: =E79&J79 -> 96RIO AVE CARNEIROS 01 SPE LTDA. | E79: =1+SUMPRODUCT(($J$2:$J$1437=$J79)*(AX$2:AX$1437>AX79)) -> 96 | F79: =G79&J79 -> 43RIO AVE CARNEIROS 01 SPE LTDA. | G79: =1+SUMPRODUCT(($J$2:$J$1437=$J79)*(AY$2:AY$1437>AY79)) -> 43 | H79: =I79&J79 -> 151RIO AVE CARNEIROS 01 SPE LTDA. | I79: =1+SUMPRODUCT(($J$2:$J$1437=$J79)*(AZ$2:AZ$1437>AZ79)) -> 151 | J79: RIO AVE CARNEIROS 01 SPE LTDA. | K79: BRAULIO DE HOLANDA CAVALCANTI NETO | L79: Tecnico em Seguranca do Trabalho | M79: GERAL | N79: 1356.52 | O79: 3033.45 | P79: 45356 | R79: 3033.45 | AA79: 0.01 | AB79: 129.93 | AC79: 310.42 | AD79: 28.43 | AE79: 67.92 | AH79: 0.04 | AI79: 0 | AJ79: 8.33 | AK79: 2 | AL79: -12.06 | AM79: 49 | AR79: 30.57 | AS79: -1400.05 | AW79: =AJ79+ROW(C79)/1000000 -> 8.330079 | AX79: =AD79+ROW(C79)/1000000 -> 28.430079 | AY79: =AB79+ROW(A79)/1000000 -> 129.93008 | AZ79: =AP79+ROW(A79)/1000000 -> 7.9e-05
A80: =VLOOKUP(L80,[1]VALIDAÇÃO!$D$13:$E$350,2,0) -> DIRETO | B80: =C80&J80 -> 47RIO AVE CARNEIROS 01 SPE LTDA. | C80: =1+SUMPRODUCT(($J$2:$J$1437=J80)*($AW$2:$AW$1437>AW80)) -> 47 | D80: =E80&J80 -> 46RIO AVE CARNEIROS 01 SPE LTDA. | E80: =1+SUMPRODUCT(($J$2:$J$1437=$J80)*(AX$2:AX$1437>AX80)) -> 46 | F80: =G80&J80 -> 120RIO AVE CARNEIROS 01 SPE LTDA. | G80: =1+SUMPRODUCT(($J$2:$J$1437=$J80)*(AY$2:AY$1437>AY80)) -> 120 | H80: =I80&J80 -> 150RIO AVE CARNEIROS 01 SPE LTDA. | I80: =1+SUMPRODUCT(($J$2:$J$1437=$J80)*(AZ$2:AZ$1437>AZ80)) -> 150 | J80: RIO AVE CARNEIROS 01 SPE LTDA. | K80: BRENO CAIQUE MELO DA SILVA | L80: Eletricista | M80: OBRA | N80: 1574.67 | O80: 2156 | P80: 45825 | R80: 2156 | AA80: 2.57 | AB80: 14.96 | AC80: 119.75714 | AD80: 208.9 | AE80: 1159.5714 | AH80: 12.5 | AI80: 0 | AJ80: 466.15 | AK80: 100.89 | AL80: -2.1 | AM80: 12 | AR80: 41.74 | AS80: -1014 | AW80: =AJ80+ROW(C80)/1000000 -> 466.15008 | AX80: =AD80+ROW(C80)/1000000 -> 208.90008 | AY80: =AB80+ROW(A80)/1000000 -> 14.96008 | AZ80: =AP80+ROW(A80)/1000000 -> 8e-05
A81: =VLOOKUP(L81,[1]VALIDAÇÃO!$D$13:$E$350,2,0) -> DIRETO | B81: =C81&J81 -> 61CONDOMINIO DO EDIFICIO EMPRESARIAL MARIE CURIE | C81: =1+SUMPRODUCT(($J$2:$J$1437=J81)*($AW$2:$AW$1437>AW81)) -> 61 | D81: =E81&J81 -> 7CONDOMINIO DO EDIFICIO EMPRESARIAL MARIE CURIE | E81: =1+SUMPRODUCT(($J$2:$J$1437=$J81)*(AX$2:AX$1437>AX81)) -> 7 | F81: =G81&J81 -> 52CONDOMINIO DO EDIFICIO EMPRESARIAL MARIE CURIE | G81: =1+SUMPRODUCT(($J$2:$J$1437=$J81)*(AY$2:AY$1437>AY81)) -> 52 | H81: =I81&J81 -> 32CONDOMINIO DO EDIFICIO EMPRESARIAL MARIE CURIE | I81: =1+SUMPRODUCT(($J$2:$J$1437=$J81)*(AZ$2:AZ$1437>AZ81)) -> 32 | J81: CONDOMINIO DO EDIFICIO EMPRESARIAL MARIE CURIE | K81: BRUNO ALVES DE LIMA | L81: Servente de Obras | M81: CONDOMINIO MARIE OBRA | N81: 1403.18 | O81: 1622.13 | P81: 45691 | R81: 1622.13 | W81: 0.06 | X81: 2.44 | AA81: 7.5 | AB81: 64.97 | AC81: 407.85714 | AD81: 574.27 | AE81: 3059.6614 | AH81: 33.94 | AI81: 0 | AJ81: 422.31 | AK81: 91.63 | AL81: -4.77 | AM81: 36.19 | AP81: 11.25 | AQ81: 60.028571 | AR81: 141.87 | AS81: -721.2 | AW81: =AJ81+ROW(C81)/1000000 -> 422.31008 | AX81: =AD81+ROW(C81)/1000000 -> 574.27008 | AY81: =AB81+ROW(A81)/1000000 -> 64.970081 | AZ81: =AP81+ROW(A81)/1000000 -> 11.250081
A82: =VLOOKUP(L82,[1]VALIDAÇÃO!$D$13:$E$350,2,0) -> INDIRETO | B82: =C82&J82 -> 151RIO AVE CARNEIROS 01 SPE LTDA. | C82: =1+SUMPRODUCT(($J$2:$J$1437=J82)*($AW$2:$AW$1437>AW82)) -> 151 | D82: =E82&J82 -> 63RIO AVE CARNEIROS 01 SPE LTDA. | E82: =1+SUMPRODUCT(($J$2:$J$1437=$J82)*(AX$2:AX$1437>AX82)) -> 63 | F82: =G82&J82 -> 153RIO AVE CARNEIROS 01 SPE LTDA. | G82: =1+SUMPRODUCT(($J$2:$J$1437=$J82)*(AY$2:AY$1437>AY82)) -> 153 | H82: =I82&J82 -> 149RIO AVE CARNEIROS 01 SPE LTDA. | I82: =1+SUMPRODUCT(($J$2:$J$1437=$J82)*(AZ$2:AZ$1437>AZ82)) -> 149 | J82: RIO AVE CARNEIROS 01 SPE LTDA. | K82: BRUNO CHARLIES DA SILVA TEIXEIRA | L82: Tecnico em Seguranca do Trabalho | M82: GERAL | N82: 1529.32 | O82: 2943.67 | P82: 45971 | R82: 2943.67 | AD82: 89.49 | AE82: 287 | AR82: 19.98 | AS82: -1411.57 | AW82: =AJ82+ROW(C82)/1000000 -> 8.2e-05 | AX82: =AD82+ROW(C82)/1000000 -> 89.490082 | AY82: =AB82+ROW(A82)/1000000 -> 8.2e-05 | AZ82: =AP82+ROW(A82)/1000000 -> 8.2e-05
A83: =VLOOKUP(L83,[1]VALIDAÇÃO!$D$13:$E$350,2,0) -> INDIRETO | B83: =C83&J83 -> 125CONDOMINIO DO EDIFICIO EMPRESARIAL MARIE CURIE | C83: =1+SUMPRODUCT(($J$2:$J$1437=J83)*($AW$2:$AW$1437>AW83)) -> 125 | D83: =E83&J83 -> 1CONDOMINIO DO EDIFICIO EMPRESARIAL MARIE CURIE | E83: =1+SUMPRODUCT(($J$2:$J$1437=$J83)*(AX$2:AX$1437>AX83)) -> 1 | F83: =G83&J83 -> 5CONDOMINIO DO EDIFICIO EMPRESARIAL MARIE CURIE | G83: =1+SUMPRODUCT(($J$2:$J$1437=$J83)*(AY$2:AY$1437>AY83)) -> 5 | H83: =I83&J83 -> 118CONDOMINIO DO EDIFICIO EMPRESARIAL MARIE CURIE | I83: =1+SUMPRODUCT(($J$2:$J$1437=$J83)*(AZ$2:AZ$1437>AZ83)) -> 118 | J83: CONDOMINIO DO EDIFICIO EMPRESARIAL MARIE CURIE | K83: BRUNO HENRIQUE DOS SANTOS | L83: Almoxarife | M83: CONDOMINIO MARIE OBRA | N83: 2753.11 | O83: 4034.7 | P83: 45516 | R83: 4034.7 | AB83: 353.43 | AC83: 721.31143 | AD83: 1896.19 | AE83: 3918.61 | AR83: 470.52 | AS83: -1729.16 | AW83: =AJ83+ROW(C83)/1000000 -> 8.3e-05 | AX83: =AD83+ROW(C83)/1000000 -> 1896.1901 | AY83: =AB83+ROW(A83)/1000000 -> 353.43008 | AZ83: =AP83+ROW(A83)/1000000 -> 8.3e-05
A84: =VLOOKUP(L84,[1]VALIDAÇÃO!$D$13:$E$350,2,0) -> DIRETO | B84: =C84&J84 -> 3CONDOMINIO DO EDIFICIO EMPRESARIAL MARIE CURIE | C84: =1+SUMPRODUCT(($J$2:$J$1437=J84)*($AW$2:$AW$1437>AW84)) -> 3 | D84: =E84&J84 -> 45CONDOMINIO DO EDIFICIO EMPRESARIAL MARIE CURIE | E84: =1+SUMPRODUCT(($J$2:$J$1437=$J84)*(AX$2:AX$1437>AX84)) -> 45 | F84: =G84&J84 -> 81CONDOMINIO DO EDIFICIO EMPRESARIAL MARIE CURIE | G84: =1+SUMPRODUCT(($J$2:$J$1437=$J84)*(AY$2:AY$1437>AY84)) -> 81 | H84: =I84&J84 -> 117CONDOMINIO DO EDIFICIO EMPRESARIAL MARIE CURIE | I84: =1+SUMPRODUCT(($J$2:$J$1437=$J84)*(AZ$2:AZ$1437>AZ84)) -> 117 | J84: CONDOMINIO DO EDIFICIO EMPRESARIAL MARIE CURIE | K84: BRUNO JOSE DA SILVA | L84: Carpinteiro de Obras | M84: CONDOMINIO MARIE OBRA | N84: 1040.55 | O84: 693 | P84: 45246 | R84: 693 | AA84: 4.53 | AB84: 14.42 | AC84: 48.456667 | AD84: 183.68 | AE84: 617.40533 | AH84: 23.81 | AI84: 0 | AJ84: 1791.86 | AK84: 318.84 | AN84: -154 | AO84: 2 | AR84: 37.08 | AS84: -309.4 | AT84: -77 | AU84: 1 | AW84: =AJ84+ROW(C84)/1000000 -> 1791.8601 | AX84: =AD84+ROW(C84)/1000000 -> 183.68008 | AY84: =AB84+ROW(A84)/1000000 -> 14.420084 | AZ84: =AP84+ROW(A84)/1000000 -> 8.4e-05
A85: =VLOOKUP(L85,[1]VALIDAÇÃO!$D$13:$E$350,2,0) -> DIRETO | B85: =C85&J85 -> 65RIO AVE CARNEIROS 01 SPE LTDA. | C85: =1+SUMPRODUCT(($J$2:$J$1437=J85)*($AW$2:$AW$1437>AW85)) -> 65 | D85: =E85&J85 -> 68RIO AVE CARNEIROS 01 SPE LTDA. | E85: =1+SUMPRODUCT(($J$2:$J$1437=$J85)*(AX$2:AX$1437>AX85)) -> 68 | F85: =G85&J85 -> 119RIO AVE CARNEIROS 01 SPE LTDA. | G85: =1+SUMPRODUCT(($J$2:$J$1437=$J85)*(AY$2:AY$1437>AY85)) -> 119 | H85: =I85&J85 -> 148RIO AVE CARNEIROS 01 SPE LTDA. | I85: =1+SUMPRODUCT(($J$2:$J$1437=$J85)*(AZ$2:AZ$1437>AZ85)) -> 148 | J85: RIO AVE CARNEIROS 01 SPE LTDA. | K85: BRUNO JOSE DA SILVA SANTOS | L85: Servente de Obras | M85: OBRA | N85: 926.32 | O85: 1622.13 | P85: 45733 | R85: 1622.13 | AA85: 0.98 | AB85: 15.53 | AC85: 96.142857 | AD85: 77.72 | AE85: 453.51429 | AH85: 4.09 | AI85: 0 | AJ85: 386.74 | AK85: 85.93 | AL85: -35.94 | AM85: 273 | AR85: 22.52 | AS85: -695.2 | AW85: =AJ85+ROW(C85)/1000000 -> 386.74009 | AX85: =AD85+ROW(C85)/1000000 -> 77.720085 | AY85: =AB85+ROW(A85)/1000000 -> 15.530085 | AZ85: =AP85+ROW(A85)/1000000 -> 8.5e-05
A86: =VLOOKUP(L86,[1]VALIDAÇÃO!$D$13:$E$350,2,0) -> INDIRETO | B86: =C86&J86 -> 124CONDOMINIO DO EDIFICIO EMPRESARIAL MARIE CURIE | C86: =1+SUMPRODUCT(($J$2:$J$1437=J86)*($AW$2:$AW$1437>AW86)) -> 124 | D86: =E86&J86 -> 129CONDOMINIO DO EDIFICIO EMPRESARIAL MARIE CURIE | E86: =1+SUMPRODUCT(($J$2:$J$1437=$J86)*(AX$2:AX$1437>AX86)) -> 129 | F86: =G86&J86 -> 124CONDOMINIO DO EDIFICIO EMPRESARIAL MARIE CURIE | G86: =1+SUMPRODUCT(($J$2:$J$1437=$J86)*(AY$2:AY$1437>AY86)) -> 124 | H86: =I86&J86 -> 116CONDOMINIO DO EDIFICIO EMPRESARIAL MARIE CURIE | I86: =1+SUMPRODUCT(($J$2:$J$1437=$J86)*(AZ$2:AZ$1437>AZ86)) -> 116 | J86: CONDOMINIO DO EDIFICIO EMPRESARIAL MARIE CURIE | K86: CAIO DE MACEDO ALVES DE SOUZA | L86: Estagiario Engenharia Civil | M86: CONDOMINIO MARIE OBRA | N86: 1217.3 | P86: 45818 | AS86: -520 | AW86: =AJ86+ROW(C86)/1000000 -> 8.6e-05 | AX86: =AD86+ROW(C86)/1000000 -> 8.6e-05 | AY86: =AB86+ROW(A86)/1000000 -> 8.6e-05 | AZ86: =AP86+ROW(A86)/1000000 -> 8.6e-05
A87: =VLOOKUP(L87,[1]VALIDAÇÃO!$D$13:$E$350,2,0) -> DIRETO | B87: =C87&J87 -> 28RIO AVE 130 SPE LTDA | C87: =1+SUMPRODUCT(($J$2:$J$1437=J87)*($AW$2:$AW$1437>AW87)) -> 28 | D87: =E87&J87 -> 13RIO AVE 130 SPE LTDA | E87: =1+SUMPRODUCT(($J$2:$J$1437=$J87)*(AX$2:AX$1437>AX87)) -> 13 | F87: =G87&J87 -> 12RIO AVE 130 SPE LTDA | G87: =1+SUMPRODUCT(($J$2:$J$1437=$J87)*(AY$2:AY$1437>AY87)) -> 12 | H87: =I87&J87 -> 5RIO AVE 130 SPE LTDA | I87: =1+SUMPRODUCT(($J$2:$J$1437=$J87)*(AZ$2:AZ$1437>AZ87)) -> 5 | J87: RIO AVE 130 SPE LTDA | K87: CAMILA EMILIA DO NASCIMENTO | L87: Servente de Obras | M87: OBRA | N87: 2099.19 | O87: 1622.13 | P87: 45573 | R87: 1622.13 | AA87: 19.99 | AB87: 288.02 | AC87: 1416.0286 | AD87: 665.88 | AE87: 3244.9629 | AH87: 91.03 | AI87: 0 | AJ87: 622.37 | AK87: 136.41 | AL87: -5.4 | AM87: 41 | AP87: 242.43 | AQ87: 979.67143 | AR87: 259.69 | AS87: -695.2 | AW87: =AJ87+ROW(C87)/1000000 -> 622.37009 | AX87: =AD87+ROW(C87)/1000000 -> 665.88009 | AY87: =AB87+ROW(A87)/1000000 -> 288.02009 | AZ87: =AP87+ROW(A87)/1000000 -> 242.43009
A88: =VLOOKUP(L88,[1]VALIDAÇÃO!$D$13:$E$350,2,0) -> DIRETO | B88: =C88&J88 -> 42RESERVA DO PAIVA SPE 01 LTDA. | C88: =1+SUMPRODUCT(($J$2:$J$1437=J88)*($AW$2:$AW$1437>AW88)) -> 42 | D88: =E88&J88 -> 40RESERVA DO PAIVA SPE 01 LTDA. | E88: =1+SUMPRODUCT(($J$2:$J$1437=$J88)*(AX$2:AX$1437>AX88)) -> 40 | F88: =G88&J88 -> 31RESERVA DO PAIVA SPE 01 LTDA. | G88: =1+SUMPRODUCT(($J$2:$J$1437=$J88)*(AY$2:AY$1437>AY88)) -> 31 | H88: =I88&J88 -> 34RESERVA DO PAIVA SPE 01 LTDA. | I88: =1+SUMPRODUCT(($J$2:$J$1437=$J88)*(AZ$2:AZ$1437>AZ88)) -> 34 | J88: RESERVA DO PAIVA SPE 01 LTDA. | K88: CAMILA MARIA DA SILVA | L88: Servente de Obras | M88: OBRA | N88: 2042.08 | O88: 1622.13 | P88: 45839 | R88: 1622.13 | AA88: 19.11 | AB88: 323.04 | AC88: 2077.1543 | AD88: 217.31 | AE88: 1513.1971 | AH88: 88.93 | AI88: 0 | AJ88: 673.6 | AK88: 146.28 | AP88: 363.66 | AQ88: 1865.44 | AR88: 192.31 | AS88: -695.2 | AW88: =AJ88+ROW(C88)/1000000 -> 673.60009 | AX88: =AD88+ROW(C88)/1000000 -> 217.31009 | AY88: =AB88+ROW(A88)/1000000 -> 323.04009 | AZ88: =AP88+ROW(A88)/1000000 -> 363.66009
A89: =VLOOKUP(L89,[1]VALIDAÇÃO!$D$13:$E$350,2,0) -> INDIRETO | B89: =C89&J89 -> 150RIO AVE CARNEIROS 01 SPE LTDA. | C89: =1+SUMPRODUCT(($J$2:$J$1437=J89)*($AW$2:$AW$1437>AW89)) -> 150 | D89: =E89&J89 -> 2RIO AVE CARNEIROS 01 SPE LTDA. | E89: =1+SUMPRODUCT(($J$2:$J$1437=$J89)*(AX$2:AX$1437>AX89)) -> 2 | F89: =G89&J89 -> 1RIO AVE CARNEIROS 01 SPE LTDA. | G89: =1+SUMPRODUCT(($J$2:$J$1437=$J89)*(AY$2:AY$1437>AY89)) -> 1 | H89: =I89&J89 -> 1RIO AVE CARNEIROS 01 SPE LTDA. | I89: =1+SUMPRODUCT(($J$2:$J$1437=$J89)*(AZ$2:AZ$1437>AZ89)) -> 1 | J89: RIO AVE CARNEIROS 01 SPE LTDA. | K89: CAMILLA DE HOLANDA GARCIA | L89: Auxiliar de Engenharia Civil | M89: GERAL | N89: 3117.76 | O89: 4047.56 | P89: 45811 | R89: 4047.56 | W89: 2.17 | X89: 33 | AB89: 607.77 | AC89: 1454.8571 | AD89: 1234.85 | AE89: 2944.9 | AL89: -307.84 | AM89: 937 | AP89: 785.55 | AQ89: 1279 | AR89: 571.73 | AS89: -1734.67 | AW89: =AJ89+ROW(C89)/1000000 -> 8.9e-05 | AX89: =AD89+ROW(C89)/1000000 -> 1234.8501 | AY89: =AB89+ROW(A89)/1000000 -> 607.77009 | AZ89: =AP89+ROW(A89)/1000000 -> 785.55009
A90: =VLOOKUP(L90,[1]VALIDAÇÃO!$D$13:$E$350,2,0) -> INDIRETO | B90: =C90&J90 -> 112CONDOMINIO DO EDIFICIO EMPRESARIAL MARIE CURIE | C90: =1+SUMPRODUCT(($J$2:$J$1437=J90)*($AW$2:$AW$1437>AW90)) -> 112 | D90: =E90&J90 -> 3CONDOMINIO DO EDIFICIO EMPRESARIAL MARIE CURIE | E90: =1+SUMPRODUCT(($J$2:$J$1437=$J90)*(AX$2:AX$1437>AX90)) -> 3 | F90: =G90&J90 -> 2CONDOMINIO DO EDIFICIO EMPRESARIAL MARIE CURIE | G90: =1+SUMPRODUCT(($J$2:$J$1437=$J90)*(AY$2:AY$1437>AY90)) -> 2 | H90: =I90&J90 -> 27CONDOMINIO DO EDIFICIO EMPRESARIAL MARIE CURIE | I90: =1+SUMPRODUCT(($J$2:$J$1437=$J90)*(AZ$2:AZ$1437>AZ90)) -> 27 | J90: CONDOMINIO DO EDIFICIO EMPRESARIAL MARIE CURIE | K90: CARLOS ALBERTO DA SILVA | L90: ENCARREGADO DE CARPINTARIA | M90: CONDOMINIO MARIE OBRA | N90: 2546.92 | O90: 3434.3 | P90: 45558 | R90: 3434.3 | W90: 0.05 | X90: 0.84 | AA90: 0.26 | AB90: 511.45 | AC90: 1227.5357 | AD90: 1082.17 | AE90: 2640.2286 | AH90: 1.51 | AI90: 0 | AJ90: 31.79 | AK90: 5.42 | AP90: 21.65 | AQ90: 49.531429 | AR90: 347.72 | AS90: -1471.84 | AW90: =AJ90+ROW(C90)/1000000 -> 31.79009 | AX90: =AD90+ROW(C90)/1000000 -> 1082.1701 | AY90: =AB90+ROW(A90)/1000000 -> 511.45009 | AZ90: =AP90+ROW(A90)/1000000 -> 21.65009
A91: =VLOOKUP(L91,[1]VALIDAÇÃO!$D$13:$E$350,2,0) -> DIRETO | B91: =C91&J91 -> 92RESERVA DO PAIVA SPE 03 LTDA | C91: =1+SUMPRODUCT(($J$2:$J$1437=J91)*($AW$2:$AW$1437>AW91)) -> 92 | D91: =E91&J91 -> 109RESERVA DO PAIVA SPE 03 LTDA | E91: =1+SUMPRODUCT(($J$2:$J$1437=$J91)*(AX$2:AX$1437>AX91)) -> 109 | F91: =G91&J91 -> 103RESERVA DO PAIVA SPE 03 LTDA | G91: =1+SUMPRODUCT(($J$2:$J$1437=$J91)*(AY$2:AY$1437>AY91)) -> 103 | H91: =I91&J91 -> 154RESERVA DO PAIVA SPE 03 LTDA | I91: =1+SUMPRODUCT(($J$2:$J$1437=$J91)*(AZ$2:AZ$1437>AZ91)) -> 154 | J91: RESERVA DO PAIVA SPE 03 LTDA | K91: CARLOS ALBERTO DA SILVA | L91: Servente de Obras | M91: OBRA | N91: 552.63 | O91: 1622.13 | P91: 45875 | R91: 1622.13 | AA91: 0.91 | AB91: 41.5 | AC91: 512.68571 | AD91: 105.08 | AE91: 1184.77 | AH91: 3.84 | AI91: 0 | AJ91: 155.85 | AK91: 35.27 | AL91: -38.31 | AM91: 291 | AN91: -115.87 | AO91: 2 | AR91: 31.96 | AS91: -695.2 | AT91: -57.93 | AU91: 1 | AW91: =AJ91+ROW(C91)/1000000 -> 155.85009 | AX91: =AD91+ROW(C91)/1000000 -> 105.08009 | AY91: =AB91+ROW(A91)/1000000 -> 41.500091 | AZ91: =AP91+ROW(A91)/1000000 -> 9.1e-05
A92: =VLOOKUP(L92,[1]VALIDAÇÃO!$D$13:$E$350,2,0) -> DIRETO | B92: =C92&J92 -> 24RIO AVE 200 SPE LTDA. | C92: =1+SUMPRODUCT(($J$2:$J$1437=J92)*($AW$2:$AW$1437>AW92)) -> 24 | D92: =E92&J92 -> 26RIO AVE 200 SPE LTDA. | E92: =1+SUMPRODUCT(($J$2:$J$1437=$J92)*(AX$2:AX$1437>AX92)) -> 26 | F92: =G92&J92 -> 22RIO AVE 200 SPE LTDA. | G92: =1+SUMPRODUCT(($J$2:$J$1437=$J92)*(AY$2:AY$1437>AY92)) -> 22 | H92: =I92&J92 -> 73RIO AVE 200 SPE LTDA. | I92: =1+SUMPRODUCT(($J$2:$J$1437=$J92)*(AZ$2:AZ$1437>AZ92)) -> 73 | J92: RIO AVE 200 SPE LTDA. | K92: CARLOS EDUARDO MARQUES FERREIRA | L92: Armador de Estrutura de Concreto | M92: OBRA | N92: 1568.9 | O92: 2156 | P92: 45874 | R92: 2156 | AA92: 3.62 | AB92: 65.48 | AC92: 608.57143 | AD92: 144.97 | AE92: 791.42857 | AH92: 18.52 | AI92: 0 | AJ92: 725.69 | AK92: 158.23 | AR92: 40.89 | AS92: -924 | AW92: =AJ92+ROW(C92)/1000000 -> 725.69009 | AX92: =AD92+ROW(C92)/1000000 -> 144.97009 | AY92: =AB92+ROW(A92)/1000000 -> 65.480092 | AZ92: =AP92+ROW(A92)/1000000 -> 9.2e-05
A93: =VLOOKUP(L93,[1]VALIDAÇÃO!$D$13:$E$350,2,0) -> DIRETO | B93: =C93&J93 -> 5RIO AVE CARNEIROS 01 SPE LTDA. | C93: =1+SUMPRODUCT(($J$2:$J$1437=J93)*($AW$2:$AW$1437>AW93)) -> 5 | D93: =E93&J93 -> 104RIO AVE CARNEIROS 01 SPE LTDA. | E93: =1+SUMPRODUCT(($J$2:$J$1437=$J93)*(AX$2:AX$1437>AX93)) -> 104 | F93: =G93&J93 -> 123RIO AVE CARNEIROS 01 SPE LTDA. | G93: =1+SUMPRODUCT(($J$2:$J$1437=$J93)*(AY$2:AY$1437>AY93)) -> 123 | H93: =I93&J93 -> 147RIO AVE CARNEIROS 01 SPE LTDA. | I93: =1+SUMPRODUCT(($J$2:$J$1437=$J93)*(AZ$2:AZ$1437>AZ93)) -> 147 | J93: RIO AVE CARNEIROS 01 SPE LTDA. | K93: CARLOS FELIPE SANTIAGO | L93: Armador de Estrutura de Concreto | M93: OBRA | N93: 1719.26 | O93: 2156 | P93: 45238 | R93: 2156 | AA93: 0.79 | AB93: 13.17 | AC93: 57.5 | AD93: 19.55 | AE93: 77.242857 | AH93: 3.74 | AI93: 0 | AJ93: 977.85 | AK93: 216.22 | AR93: 6.85 | AS93: -1099 | AW93: =AJ93+ROW(C93)/1000000 -> 977.85009 | AX93: =AD93+ROW(C93)/1000000 -> 19.550093 | AY93: =AB93+ROW(A93)/1000000 -> 13.170093 | AZ93: =AP93+ROW(A93)/1000000 -> 9.3e-05
A94: =VLOOKUP(L94,[1]VALIDAÇÃO!$D$13:$E$350,2,0) -> DIRETO | B94: =C94&J94 -> 96CONDOMINIO DO EDIFICIO EMPRESARIAL MARIE CURIE | C94: =1+SUMPRODUCT(($J$2:$J$1437=J94)*($AW$2:$AW$1437>AW94)) -> 96 | D94: =E94&J94 -> 120CONDOMINIO DO EDIFICIO EMPRESARIAL MARIE CURIE | E94: =1+SUMPRODUCT(($J$2:$J$1437=$J94)*(AX$2:AX$1437>AX94)) -> 120 | F94: =G94&J94 -> 67CONDOMINIO DO EDIFICIO EMPRESARIAL MARIE CURIE | G94: =1+SUMPRODUCT(($J$2:$J$1437=$J94)*(AY$2:AY$1437>AY94)) -> 67 | H94: =I94&J94 -> 20CONDOMINIO DO EDIFICIO EMPRESARIAL MARIE CURIE | I94: =1+SUMPRODUCT(($J$2:$J$1437=$J94)*(AZ$2:AZ$1437>AZ94)) -> 20 | J94: CONDOMINIO DO EDIFICIO EMPRESARIAL MARIE CURIE | K94: CARLOS GOMES DE OLIVEIRA | L94: Servente de Obras | M94: CONDOMINIO MARIE OBRA | N94: 934.36 | O94: 1622.13 | P94: 45931 | R94: 1622.13 | AA94: 0.87 | AB94: 34.48 | AC94: 628.71429 | AD94: 0.43 | AE94: 8 | AH94: 4.05 | AI94: 0 | AJ94: 173.77 | AK94: 39.56 | AP94: 127.5 | AQ94: 484.19 | AR94: 34.48 | AS94: -695.2 | AW94: =AJ94+ROW(C94)/1000000 -> 173.77009 | AX94: =AD94+ROW(C94)/1000000 -> 0.430094 | AY94: =AB94+ROW(A94)/1000000 -> 34.480094 | AZ94: =AP94+ROW(A94)/1000000 -> 127.50009
A95: =VLOOKUP(L95,[1]VALIDAÇÃO!$D$13:$E$350,2,0) -> DIRETO | B95: =C95&J95 -> 3RIO AVE SUBHOLDING INCORPORACAO LTDA | C95: =1+SUMPRODUCT(($J$2:$J$1437=J95)*($AW$2:$AW$1437>AW95)) -> 3 | D95: =E95&J95 -> 4RIO AVE SUBHOLDING INCORPORACAO LTDA | E95: =1+SUMPRODUCT(($J$2:$J$1437=$J95)*(AX$2:AX$1437>AX95)) -> 4 | F95: =G95&J95 -> 2RIO AVE SUBHOLDING INCORPORACAO LTDA | G95: =1+SUMPRODUCT(($J$2:$J$1437=$J95)*(AY$2:AY$1437>AY95)) -> 2 | H95: =I95&J95 -> 11RIO AVE SUBHOLDING INCORPORACAO LTDA | I95: =1+SUMPRODUCT(($J$2:$J$1437=$J95)*(AZ$2:AZ$1437>AZ95)) -> 11 | J95: RIO AVE SUBHOLDING INCORPORACAO LTDA | K95: CARLOS RICARDO FERREIRA DA SILVA | L95: Servente de Obras | M95: CENTRAL DE FORMAS | N95: 261.93 | P95: 45505 | Y95: 296.69 | AA95: 0.1 | AB95: 6.53 | AC95: 31.82 | AD95: 13.81 | AE95: 67.31 | AH95: 0.56 | AI95: 0 | AJ95: 134.94 | AK95: 27.17 | AR95: 3.38 | AW95: =AJ95+ROW(C95)/1000000 -> 134.94009 | AX95: =AD95+ROW(C95)/1000000 -> 13.810095 | AY95: =AB95+ROW(A95)/1000000 -> 6.530095 | AZ95: =AP95+ROW(A95)/1000000 -> 9.5e-05
A96: =VLOOKUP(L96,[1]VALIDAÇÃO!$D$13:$E$350,2,0) -> INDIRETO | B96: =C96&J96 -> 123CONDOMINIO DO EDIFICIO EMPRESARIAL MARIE CURIE | C96: =1+SUMPRODUCT(($J$2:$J$1437=J96)*($AW$2:$AW$1437>AW96)) -> 123 | D96: =E96&J96 -> 128CONDOMINIO DO EDIFICIO EMPRESARIAL MARIE CURIE | E96: =1+SUMPRODUCT(($J$2:$J$1437=$J96)*(AX$2:AX$1437>AX96)) -> 128 | F96: =G96&J96 -> 123CONDOMINIO DO EDIFICIO EMPRESARIAL MARIE CURIE | G96: =1+SUMPRODUCT(($J$2:$J$1437=$J96)*(AY$2:AY$1437>AY96)) -> 123 | H96: =I96&J96 -> 115CONDOMINIO DO EDIFICIO EMPRESARIAL MARIE CURIE | I96: =1+SUMPRODUCT(($J$2:$J$1437=$J96)*(AZ$2:AZ$1437>AZ96)) -> 115 | J96: CONDOMINIO DO EDIFICIO EMPRESARIAL MARIE CURIE | K96: CAROLINA BATISTA MARINHO | L96: ESTAGIARIO ENGENHARIA CIVIL | M96: CONDOMINIO MARIE OBRA | N96: 1299.63 | P96: 45748 | AS96: -502.67 | AW96: =AJ96+ROW(C96)/1000000 -> 9.6e-05 | AX96: =AD96+ROW(C96)/1000000 -> 9.6e-05 | AY96: =AB96+ROW(A96)/1000000 -> 9.6e-05 | AZ96: =AP96+ROW(A96)/1000000 -> 9.6e-05
A97: =VLOOKUP(L97,[1]VALIDAÇÃO!$D$13:$E$350,2,0) -> DIRETO | B97: =C97&J97 -> 67RESERVA DO PAIVA SPE 01 LTDA. | C97: =1+SUMPRODUCT(($J$2:$J$1437=J97)*($AW$2:$AW$1437>AW97)) -> 67 | D97: =E97&J97 -> 29RESERVA DO PAIVA SPE 01 LTDA. | E97: =1+SUMPRODUCT(($J$2:$J$1437=$J97)*(AX$2:AX$1437>AX97)) -> 29 | F97: =G97&J97 -> 55RESERVA DO PAIVA SPE 01 LTDA. | G97: =1+SUMPRODUCT(($J$2:$J$1437=$J97)*(AY$2:AY$1437>AY97)) -> 55 | H97: =I97&J97 -> 74RESERVA DO PAIVA SPE 01 LTDA. | I97: =1+SUMPRODUCT(($J$2:$J$1437=$J97)*(AZ$2:AZ$1437>AZ97)) -> 74 | J97: RESERVA DO PAIVA SPE 01 LTDA. | K97: CASSIO GOMES DA SILVA | L97: Servente de Obras | M97: OBRA | N97: 65 | O97: 1622.13 | P97: 45572 | R97: 1622.13 | AA97: 6.64 | AB97: 165.31 | AC97: 966.79429 | AD97: 426.03 | AE97: 2264.8414 | AH97: 29.73 | AI97: 0 | AJ97: 327.15 | AK97: 72.28 | AN97: -173.8 | AO97: 3 | AP97: 58.95 | AQ97: 285.60429 | AR97: 141.34 | AS97: -695.2 | AT97: -173.8 | AU97: 3 | AW97: =AJ97+ROW(C97)/1000000 -> 327.1501 | AX97: =AD97+ROW(C97)/1000000 -> 426.0301 | AY97: =AB97+ROW(A97)/1000000 -> 165.3101 | AZ97: =AP97+ROW(A97)/1000000 -> 58.950097
A98: =VLOOKUP(L98,[1]VALIDAÇÃO!$D$13:$E$350,2,0) -> DIRETO | B98: =C98&J98 -> 36RIO AVE 200 SPE LTDA. | C98: =1+SUMPRODUCT(($J$2:$J$1437=J98)*($AW$2:$AW$1437>AW98)) -> 36 | D98: =E98&J98 -> 44RIO AVE 200 SPE LTDA. | E98: =1+SUMPRODUCT(($J$2:$J$1437=$J98)*(AX$2:AX$1437>AX98)) -> 44 | F98: =G98&J98 -> 77RIO AVE 200 SPE LTDA. | G98: =1+SUMPRODUCT(($J$2:$J$1437=$J98)*(AY$2:AY$1437>AY98)) -> 77 | H98: =I98&J98 -> 15RIO AVE 200 SPE LTDA. | I98: =1+SUMPRODUCT(($J$2:$J$1437=$J98)*(AZ$2:AZ$1437>AZ98)) -> 15 | J98: RIO AVE 200 SPE LTDA. | K98: CASSIO ROBERTO DA SILVA | L98: Eletricista | M98: OBRA | N98: 1371.88 | O98: 2156 | P98: 45736 | R98: 2156 | AA98: 1.14 | AD98: 96.16 | AE98: 354.02857 | AH98: 4.82 | AI98: 0 | AJ98: 392.99 | AK98: 84.24 | AP98: 16.04 | AQ98: 76.985714 | AR98: 26.74 | AS98: -924 | AW98: =AJ98+ROW(C98)/1000000 -> 392.9901 | AX98: =AD98+ROW(C98)/1000000 -> 96.160098 | AY98: =AB98+ROW(A98)/1000000 -> 9.8e-05 | AZ98: =AP98+ROW(A98)/1000000 -> 16.040098
A99: =VLOOKUP(L99,[1]VALIDAÇÃO!$D$13:$E$350,2,0) -> DIRETO | B99: =C99&J99 -> 100RESERVA DO PAIVA SPE 03 LTDA | C99: =1+SUMPRODUCT(($J$2:$J$1437=J99)*($AW$2:$AW$1437>AW99)) -> 100 | D99: =E99&J99 -> 151RESERVA DO PAIVA SPE 03 LTDA | E99: =1+SUMPRODUCT(($J$2:$J$1437=$J99)*(AX$2:AX$1437>AX99)) -> 151 | F99: =G99&J99 -> 161RESERVA DO PAIVA SPE 03 LTDA | G99: =1+SUMPRODUCT(($J$2:$J$1437=$J99)*(AY$2:AY$1437>AY99)) -> 161 | H99: =I99&J99 -> 153RESERVA DO PAIVA SPE 03 LTDA | I99: =1+SUMPRODUCT(($J$2:$J$1437=$J99)*(AZ$2:AZ$1437>AZ99)) -> 153 | J99: RESERVA DO PAIVA SPE 03 LTDA | K99: CELIO ANTONIO PEREIRA DA SILVA | L99: Servente de Obras | M99: OBRA | N99: 863.58 | O99: 1622.13 | P99: 45971 | R99: 1622.13 | AD99: 0.77 | AE99: 20.8 | AJ99: 132.49 | AK99: 28.8 | AR99: 0.24 | AS99: -695.2 | AW99: =AJ99+ROW(C99)/1000000 -> 132.4901 | AX99: =AD99+ROW(C99)/1000000 -> 0.770099 | AY99: =AB99+ROW(A99)/1000000 -> 9.9e-05 | AZ99: =AP99+ROW(A99)/1000000 -> 9.9e-05
A100: =VLOOKUP(L100,[1]VALIDAÇÃO!$D$13:$E$350,2,0) -> DIRETO | B100: =C100&J100 -> 149RIO AVE CARNEIROS 01 SPE LTDA. | C100: =1+SUMPRODUCT(($J$2:$J$1437=J100)*($AW$2:$AW$1437>AW100)) -> 149 | D100: =E100&J100 -> 155RIO AVE CARNEIROS 01 SPE LTDA. | E100: =1+SUMPRODUCT(($J$2:$J$1437=$J100)*(AX$2:AX$1437>AX100)) -> 155 | F100: =G100&J100 -> 152RIO AVE CARNEIROS 01 SPE LTDA. | G100: =1+SUMPRODUCT(($J$2:$J$1437=$J100)*(AY$2:AY$1437>AY100)) -> 152 | H100: =I100&J100 -> 146RIO AVE CARNEIROS 01 SPE LTDA. | I100: =1+SUMPRODUCT(($J$2:$J$1437=$J100)*(AZ$2:AZ$1437>AZ100)) -> 146 | J100: RIO AVE CARNEIROS 01 SPE LTDA. | K100: CELIO ROBERTO DE SANTANA | L100: Servente de Obras | M100: OBRA | N100: 0 | P100: 45391 | AW100: =AJ100+ROW(C100)/1000000 -> 0.0001 | AX100: =AD100+ROW(C100)/1000000 -> 0.0001 | AY100: =AB100+ROW(A100)/1000000 -> 0.0001 | AZ100: =AP100+ROW(A100)/1000000 -> 0.0001
...
